{
    "%vlocity_namespace%__Channel__c": "",
    "%vlocity_namespace%__ContentType__c": "Image",
    "%vlocity_namespace%__Description__c": "#FF0000",
    "%vlocity_namespace%__DisplayConditionsData__c": "",
    "%vlocity_namespace%__GlobalKey__c": "50911d4b-c295-ba12-dc95-052b9b1ed24b",
    "%vlocity_namespace%__IsDefaultImage__c": false,
    "%vlocity_namespace%__IsPrivate__c": false,
    "%vlocity_namespace%__ObjectId__c": {
        "%vlocity_namespace%__GlobalKey__c": "66e76f65-3989-963a-7f09-7ab004f4fc2a",
        "VlocityDataPackType": "VlocityLookupMatchingKeyObject",
        "VlocityLookupRecordSourceKey": "Product2/66e76f65-3989-963a-7f09-7ab004f4fc2a",
        "VlocityRecordSObjectType": "Product2"
    },
    "%vlocity_namespace%__SequenceNumber__c": 8,
    "%vlocity_namespace%__UrlLong__c": "https://images-na.ssl-images-amazon.com/images/I/41CITWMluaL._SL1024_.jpg",
    "%vlocity_namespace%__Url__c": "",
    "Name": "iPhoneX-red-2",
    "VlocityDataPackType": "SObject",
    "VlocityRecordSObjectType": "%vlocity_namespace%__VlocityAttachment__c",
    "VlocityRecordSourceKey": "%vlocity_namespace%__VlocityAttachment__c/50911d4b-c295-ba12-dc95-052b9b1ed24b"
}