{
    "%vlocity_namespace%__AdjustmentMethod__c": "",
    "%vlocity_namespace%__Aggregation__c": "",
    "%vlocity_namespace%__AppliesToVariableId__c": "",
    "%vlocity_namespace%__AppliesTo__c": "",
    "%vlocity_namespace%__ChargeType__c": "One-time",
    "%vlocity_namespace%__Code__c": "OT_FEE",
    "%vlocity_namespace%__CurrencyType__c": "Currency",
    "%vlocity_namespace%__Description__c": "",
    "%vlocity_namespace%__IsActive__c": true,
    "%vlocity_namespace%__RecurringFrequency__c": "",
    "%vlocity_namespace%__Scope__c": "",
    "%vlocity_namespace%__SubType__c": "Fee",
    "%vlocity_namespace%__Type__c": "Price",
    "%vlocity_namespace%__ValueType__c": "Pricing Element",
    "Name": "One Time Fee",
    "VlocityDataPackType": "SObject",
    "VlocityRecordSObjectType": "%vlocity_namespace%__PricingVariable__c",
    "VlocityRecordSourceKey": "%vlocity_namespace%__PricingVariable__c/OT_FEE"
}