{
    "%vlocity_namespace%__Channel__c": "",
    "%vlocity_namespace%__ContentType__c": "Image",
    "%vlocity_namespace%__Description__c": "otterBox",
    "%vlocity_namespace%__DisplayConditionsData__c": "",
    "%vlocity_namespace%__GlobalKey__c": "49804a82-fc58-4cfb-0a7f-ec7b59d25585",
    "%vlocity_namespace%__IsDefaultImage__c": true,
    "%vlocity_namespace%__IsPrivate__c": false,
    "%vlocity_namespace%__ObjectId__c": {
        "%vlocity_namespace%__GlobalKey__c": "bbe431d7-b8be-52bc-c67b-04b7edb784d4",
        "VlocityDataPackType": "VlocityLookupMatchingKeyObject",
        "VlocityLookupRecordSourceKey": "Product2/bbe431d7-b8be-52bc-c67b-04b7edb784d4",
        "VlocityRecordSObjectType": "Product2"
    },
    "%vlocity_namespace%__SequenceNumber__c": 0,
    "%vlocity_namespace%__UrlLong__c": "https://images-na.ssl-images-amazon.com/images/I/81t2wF1AvfL._SL1500_.jpg",
    "%vlocity_namespace%__Url__c": "",
    "Name": "otterBox",
    "VlocityDataPackType": "SObject",
    "VlocityRecordSObjectType": "%vlocity_namespace%__VlocityAttachment__c",
    "VlocityRecordSourceKey": "%vlocity_namespace%__VlocityAttachment__c/49804a82-fc58-4cfb-0a7f-ec7b59d25585"
}