[
    {
        "%vlocity_namespace%__CatalogId__c": {
            "%vlocity_namespace%__GlobalKey__c": "8c46451e-c78b-4726-1074-e74f82fa195a",
            "VlocityDataPackType": "VlocityMatchingKeyObject",
            "VlocityMatchingRecordSourceKey": "%vlocity_namespace%__Catalog__c/8c46451e-c78b-4726-1074-e74f82fa195a",
            "VlocityRecordSObjectType": "%vlocity_namespace%__Catalog__c"
        },
        "%vlocity_namespace%__CatalogId__r.%vlocity_namespace%__GlobalKey__c": "8c46451e-c78b-4726-1074-e74f82fa195a",
        "%vlocity_namespace%__EffectiveDate__c": "2019-11-01",
        "%vlocity_namespace%__EndDate__c": "",
        "%vlocity_namespace%__IsActive__c": true,
        "%vlocity_namespace%__ItemType__c": "Product",
        "%vlocity_namespace%__Product2Id__c": {
            "%vlocity_namespace%__GlobalKey__c": "006f6f54-91a6-4abc-44fc-4893fb5ce2ea",
            "VlocityDataPackType": "VlocityLookupMatchingKeyObject",
            "VlocityLookupRecordSourceKey": "Product2/006f6f54-91a6-4abc-44fc-4893fb5ce2ea",
            "VlocityRecordSObjectType": "Product2"
        },
        "%vlocity_namespace%__Product2Id__r.%vlocity_namespace%__GlobalKey__c": "006f6f54-91a6-4abc-44fc-4893fb5ce2ea",
        "%vlocity_namespace%__PromotionId__c": "",
        "%vlocity_namespace%__SequenceNumber__c": "",
        "Name": "Phones-iPhone11",
        "VlocityDataPackType": "SObject",
        "VlocityRecordSObjectType": "%vlocity_namespace%__CatalogProductRelationship__c",
        "VlocityRecordSourceKey": "%vlocity_namespace%__CatalogProductRelationship__c/Generated-851719818"
    },
    {
        "%vlocity_namespace%__CatalogId__c": {
            "%vlocity_namespace%__GlobalKey__c": "8c46451e-c78b-4726-1074-e74f82fa195a",
            "VlocityDataPackType": "VlocityMatchingKeyObject",
            "VlocityMatchingRecordSourceKey": "%vlocity_namespace%__Catalog__c/8c46451e-c78b-4726-1074-e74f82fa195a",
            "VlocityRecordSObjectType": "%vlocity_namespace%__Catalog__c"
        },
        "%vlocity_namespace%__CatalogId__r.%vlocity_namespace%__GlobalKey__c": "8c46451e-c78b-4726-1074-e74f82fa195a",
        "%vlocity_namespace%__EffectiveDate__c": "2019-11-01",
        "%vlocity_namespace%__EndDate__c": "",
        "%vlocity_namespace%__IsActive__c": true,
        "%vlocity_namespace%__ItemType__c": "Product",
        "%vlocity_namespace%__Product2Id__c": {
            "%vlocity_namespace%__GlobalKey__c": "046f59f2-788c-27bc-a33e-5b8cbcdc22fe",
            "VlocityDataPackType": "VlocityLookupMatchingKeyObject",
            "VlocityLookupRecordSourceKey": "Product2/046f59f2-788c-27bc-a33e-5b8cbcdc22fe",
            "VlocityRecordSObjectType": "Product2"
        },
        "%vlocity_namespace%__Product2Id__r.%vlocity_namespace%__GlobalKey__c": "046f59f2-788c-27bc-a33e-5b8cbcdc22fe",
        "%vlocity_namespace%__PromotionId__c": "",
        "%vlocity_namespace%__SequenceNumber__c": "",
        "Name": "Phones-iPhone11Pro",
        "VlocityDataPackType": "SObject",
        "VlocityRecordSObjectType": "%vlocity_namespace%__CatalogProductRelationship__c",
        "VlocityRecordSourceKey": "%vlocity_namespace%__CatalogProductRelationship__c/Generated-1986172263"
    },
    {
        "%vlocity_namespace%__CatalogId__c": {
            "%vlocity_namespace%__GlobalKey__c": "8c46451e-c78b-4726-1074-e74f82fa195a",
            "VlocityDataPackType": "VlocityMatchingKeyObject",
            "VlocityMatchingRecordSourceKey": "%vlocity_namespace%__Catalog__c/8c46451e-c78b-4726-1074-e74f82fa195a",
            "VlocityRecordSObjectType": "%vlocity_namespace%__Catalog__c"
        },
        "%vlocity_namespace%__CatalogId__r.%vlocity_namespace%__GlobalKey__c": "8c46451e-c78b-4726-1074-e74f82fa195a",
        "%vlocity_namespace%__EffectiveDate__c": "2019-11-01",
        "%vlocity_namespace%__EndDate__c": "",
        "%vlocity_namespace%__IsActive__c": true,
        "%vlocity_namespace%__ItemType__c": "Product",
        "%vlocity_namespace%__Product2Id__c": {
            "%vlocity_namespace%__GlobalKey__c": "66e76f65-3989-963a-7f09-7ab004f4fc2a",
            "VlocityDataPackType": "VlocityLookupMatchingKeyObject",
            "VlocityLookupRecordSourceKey": "Product2/66e76f65-3989-963a-7f09-7ab004f4fc2a",
            "VlocityRecordSObjectType": "Product2"
        },
        "%vlocity_namespace%__Product2Id__r.%vlocity_namespace%__GlobalKey__c": "66e76f65-3989-963a-7f09-7ab004f4fc2a",
        "%vlocity_namespace%__PromotionId__c": "",
        "%vlocity_namespace%__SequenceNumber__c": "",
        "Name": "Phones-iPhoneX",
        "VlocityDataPackType": "SObject",
        "VlocityRecordSObjectType": "%vlocity_namespace%__CatalogProductRelationship__c",
        "VlocityRecordSourceKey": "%vlocity_namespace%__CatalogProductRelationship__c/Generated-1488515068"
    },
    {
        "%vlocity_namespace%__CatalogId__c": {
            "%vlocity_namespace%__GlobalKey__c": "8c46451e-c78b-4726-1074-e74f82fa195a",
            "VlocityDataPackType": "VlocityMatchingKeyObject",
            "VlocityMatchingRecordSourceKey": "%vlocity_namespace%__Catalog__c/8c46451e-c78b-4726-1074-e74f82fa195a",
            "VlocityRecordSObjectType": "%vlocity_namespace%__Catalog__c"
        },
        "%vlocity_namespace%__CatalogId__r.%vlocity_namespace%__GlobalKey__c": "8c46451e-c78b-4726-1074-e74f82fa195a",
        "%vlocity_namespace%__EffectiveDate__c": "2020-02-05",
        "%vlocity_namespace%__EndDate__c": "",
        "%vlocity_namespace%__IsActive__c": true,
        "%vlocity_namespace%__ItemType__c": "Promotion",
        "%vlocity_namespace%__Product2Id__c": "",
        "%vlocity_namespace%__PromotionId__c": {
            "%vlocity_namespace%__GlobalKey__c": "c271abb9-5121-8c97-48ef-7943dc30bc18",
            "VlocityDataPackType": "VlocityLookupMatchingKeyObject",
            "VlocityLookupRecordSourceKey": "%vlocity_namespace%__Promotion__c/c271abb9-5121-8c97-48ef-7943dc30bc18",
            "VlocityRecordSObjectType": "%vlocity_namespace%__Promotion__c"
        },
        "%vlocity_namespace%__SequenceNumber__c": "",
        "Name": "PHONES-PROMO",
        "VlocityDataPackType": "SObject",
        "VlocityRecordSObjectType": "%vlocity_namespace%__CatalogProductRelationship__c",
        "VlocityRecordSourceKey": "%vlocity_namespace%__CatalogProductRelationship__c/Generated1239149997"
    }
]