{
    "%vlocity_namespace%__CatalogCode__c": "Phones",
    "%vlocity_namespace%__CatalogProductRelationship__c": "Phones_CatalogProductRelationships.json",
    "%vlocity_namespace%__DefaultPriceListId__c": {
        "%vlocity_namespace%__Code__c": "parameshPB",
        "VlocityDataPackType": "VlocityLookupMatchingKeyObject",
        "VlocityLookupRecordSourceKey": "%vlocity_namespace%__PriceList__c/parameshPB",
        "VlocityRecordSObjectType": "%vlocity_namespace%__PriceList__c"
    },
    "%vlocity_namespace%__Description__c": "",
    "%vlocity_namespace%__EndDateTime__c": "",
    "%vlocity_namespace%__GlobalKey__c": "8c46451e-c78b-4726-1074-e74f82fa195a",
    "%vlocity_namespace%__IsActive__c": true,
    "%vlocity_namespace%__IsCatalogRoot__c": false,
    "%vlocity_namespace%__IsDefault__c": false,
    "%vlocity_namespace%__SourceType__c": "",
    "%vlocity_namespace%__StartDateTime__c": "",
    "%vlocity_namespace%__VendorAccount__c": "",
    "Name": "Phones",
    "VlocityDataPackType": "SObject",
    "VlocityRecordSObjectType": "%vlocity_namespace%__Catalog__c",
    "VlocityRecordSourceKey": "%vlocity_namespace%__Catalog__c/8c46451e-c78b-4726-1074-e74f82fa195a"
}