{
    "%vlocity_namespace%__AdjustmentMethod__c": "",
    "%vlocity_namespace%__Aggregation__c": "Quantity",
    "%vlocity_namespace%__AppliesToVariableId__c": {
        "%vlocity_namespace%__Code__c": "REC_MNTH_STD_PRC_TOTAL",
        "VlocityDataPackType": "VlocityLookupMatchingKeyObject",
        "VlocityLookupRecordSourceKey": "%vlocity_namespace%__PricingVariable__c/REC_MNTH_STD_PRC_TOTAL",
        "VlocityRecordSObjectType": "%vlocity_namespace%__PricingVariable__c"
    },
    "%vlocity_namespace%__AppliesTo__c": "",
    "%vlocity_namespace%__ChargeType__c": "Recurring",
    "%vlocity_namespace%__Code__c": "ROLLUP_REC_MNTH_STD_PRC_TOTAL",
    "%vlocity_namespace%__CurrencyType__c": "Currency",
    "%vlocity_namespace%__Description__c": "",
    "%vlocity_namespace%__IsActive__c": true,
    "%vlocity_namespace%__RecurringFrequency__c": "",
    "%vlocity_namespace%__Scope__c": "Rollup",
    "%vlocity_namespace%__SubType__c": "Standard",
    "%vlocity_namespace%__Type__c": "Price",
    "%vlocity_namespace%__ValueType__c": "Calculated",
    "Name": "Rollup Recurring Monthly Std Price Total",
    "VlocityDataPackType": "SObject",
    "VlocityRecordSObjectType": "%vlocity_namespace%__PricingVariable__c",
    "VlocityRecordSourceKey": "%vlocity_namespace%__PricingVariable__c/ROLLUP_REC_MNTH_STD_PRC_TOTAL"
}