<?xml version="1.0" encoding="UTF-8"?>
<LightningComponentBundle xmlns="http://soap.sforce.com/2006/04/metadata" fqn="dcSampleApp">
    <apiVersion>47.0</apiVersion>
    <isExposed>true</isExposed>
    <targets>
        <target>lightning__AppPage</target>
        <target>lightning__RecordPage</target>
        <target>lightning__HomePage</target>
        <target>lightningCommunity__Page</target>
        <target>lightningCommunity__Default</target>
    </targets>
    <targetConfigs>
        <targetConfig targets="lightningCommunity__Default,lightning__AppPage">
            <property name="customCatalogCode" type="String" default="" />
            <property name="checkoutApiUrl" type="String" default="" />
            <property name="secureServerApiRequestCredentials" type="String" default="include" />
            <property name="checkoutPaymentUrl" type="String" default="" />
            <property name="apiUrl" type="String" default="" />
            <property name="nameSpace" type="String" default="" />
        </targetConfig>
    </targetConfigs>
</LightningComponentBundle>