{
    "%vlocity_namespace%__Description__c": "",
    "%vlocity_namespace%__EffectiveFromDate__c": "",
    "%vlocity_namespace%__EffectiveUntilDate__c": "",
    "%vlocity_namespace%__GlobalKey__c": "9dbd37200af04916049bde2ee41262df",
    "%vlocity_namespace%__IsActive__c": true,
    "%vlocity_namespace%__IsDefault__c": false,
    "%vlocity_namespace%__ObjectClassId__c": {
        "%vlocity_namespace%__GlobalKey__c": "18d330806bf900b8ec42e44b9e915891",
        "VlocityDataPackType": "VlocityLookupMatchingKeyObject",
        "VlocityLookupRecordSourceKey": "%vlocity_namespace%__ObjectClass__c/18d330806bf900b8ec42e44b9e915891",
        "VlocityRecordSObjectType": "%vlocity_namespace%__ObjectClass__c"
    },
    "%vlocity_namespace%__ObjectFacet__c": [
        {
            "%vlocity_namespace%__EffectiveFromDate__c": "",
            "%vlocity_namespace%__EffectiveUntilDate__c": "",
            "%vlocity_namespace%__FacetId__c": {
                "%vlocity_namespace%__GlobalKey__c": "5ceff4783b0f59f31b27417a7064a12c",
                "VlocityDataPackType": "VlocityLookupMatchingKeyObject",
                "VlocityLookupRecordSourceKey": "%vlocity_namespace%__UIFacet__c/5ceff4783b0f59f31b27417a7064a12c",
                "VlocityRecordSObjectType": "%vlocity_namespace%__UIFacet__c"
            },
            "%vlocity_namespace%__GlobalKey__c": "9cebb100-2588-eda4-af28-d93862201cc7",
            "%vlocity_namespace%__IsActive__c": true,
            "%vlocity_namespace%__ObjectLayoutId__c": {
                "%vlocity_namespace%__GlobalKey__c": "9dbd37200af04916049bde2ee41262df",
                "VlocityDataPackType": "VlocityMatchingKeyObject",
                "VlocityMatchingRecordSourceKey": "%vlocity_namespace%__ObjectLayout__c/9dbd37200af04916049bde2ee41262df",
                "VlocityRecordSObjectType": "%vlocity_namespace%__ObjectLayout__c"
            },
            "%vlocity_namespace%__ObjectSection__c": [
                {
                    "%vlocity_namespace%__ColumnLayout__c": "",
                    "%vlocity_namespace%__EffectiveFromDate__c": "",
                    "%vlocity_namespace%__EffectiveUntilDate__c": "",
                    "%vlocity_namespace%__GlobalKey__c": "51f08793-fe97-3629-0a0b-c830d6933c60",
                    "%vlocity_namespace%__IsActive__c": true,
                    "%vlocity_namespace%__ObjectElement__c": [
                        {
                            "%vlocity_namespace%__AttributeId__c": "",
                            "%vlocity_namespace%__Column__c": "1",
                            "%vlocity_namespace%__EffectiveFromDate__c": "",
                            "%vlocity_namespace%__EffectiveUntilDate__c": "",
                            "%vlocity_namespace%__FieldApiName__c": "%vlocity_namespace%__ObjectTypeId__c",
                            "%vlocity_namespace%__GlobalKey__c": "99c4a64a-5ae3-e1de-8331-2075cc78c250",
                            "%vlocity_namespace%__IsActive__c": true,
                            "%vlocity_namespace%__IsRequired__c": false,
                            "%vlocity_namespace%__ObjectSectionId__c": {
                                "Name": "51f08793-fe97-3629-0a0b-c830d6933c60",
                                "VlocityDataPackType": "VlocityMatchingKeyObject",
                                "VlocityMatchingRecordSourceKey": "%vlocity_namespace%__ObjectSection__c/51f08793-fe97-3629-0a0b-c830d6933c60",
                                "VlocityRecordSObjectType": "%vlocity_namespace%__ObjectSection__c"
                            },
                            "%vlocity_namespace%__Sequence__c": 10,
                            "%vlocity_namespace%__Type__c": "Field",
                            "Name": "Object Type",
                            "VlocityDataPackType": "SObject",
                            "VlocityRecordSObjectType": "%vlocity_namespace%__ObjectElement__c",
                            "VlocityRecordSourceKey": "%vlocity_namespace%__ObjectElement__c/99c4a64a-5ae3-e1de-8331-2075cc78c250"
                        },
                        {
                            "%vlocity_namespace%__AttributeId__c": "",
                            "%vlocity_namespace%__Column__c": "1",
                            "%vlocity_namespace%__EffectiveFromDate__c": "",
                            "%vlocity_namespace%__EffectiveUntilDate__c": "",
                            "%vlocity_namespace%__FieldApiName__c": "%vlocity_namespace%__PricingVariableId__c",
                            "%vlocity_namespace%__GlobalKey__c": "5fc9bdfc-6e55-c4b4-b140-0ae88225d6cd",
                            "%vlocity_namespace%__IsActive__c": true,
                            "%vlocity_namespace%__IsRequired__c": false,
                            "%vlocity_namespace%__ObjectSectionId__c": {
                                "Name": "51f08793-fe97-3629-0a0b-c830d6933c60",
                                "VlocityDataPackType": "VlocityMatchingKeyObject",
                                "VlocityMatchingRecordSourceKey": "%vlocity_namespace%__ObjectSection__c/51f08793-fe97-3629-0a0b-c830d6933c60",
                                "VlocityRecordSObjectType": "%vlocity_namespace%__ObjectSection__c"
                            },
                            "%vlocity_namespace%__Sequence__c": 20,
                            "%vlocity_namespace%__Type__c": "Field",
                            "Name": "Pricing Variable",
                            "VlocityDataPackType": "SObject",
                            "VlocityRecordSObjectType": "%vlocity_namespace%__ObjectElement__c",
                            "VlocityRecordSourceKey": "%vlocity_namespace%__ObjectElement__c/5fc9bdfc-6e55-c4b4-b140-0ae88225d6cd"
                        },
                        {
                            "%vlocity_namespace%__AttributeId__c": "",
                            "%vlocity_namespace%__Column__c": "1",
                            "%vlocity_namespace%__EffectiveFromDate__c": "",
                            "%vlocity_namespace%__EffectiveUntilDate__c": "",
                            "%vlocity_namespace%__FieldApiName__c": "%vlocity_namespace%__PriceListId__c",
                            "%vlocity_namespace%__GlobalKey__c": "229d9751-a27e-d771-876d-7088f1c224cf",
                            "%vlocity_namespace%__IsActive__c": true,
                            "%vlocity_namespace%__IsRequired__c": false,
                            "%vlocity_namespace%__ObjectSectionId__c": {
                                "Name": "51f08793-fe97-3629-0a0b-c830d6933c60",
                                "VlocityDataPackType": "VlocityMatchingKeyObject",
                                "VlocityMatchingRecordSourceKey": "%vlocity_namespace%__ObjectSection__c/51f08793-fe97-3629-0a0b-c830d6933c60",
                                "VlocityRecordSObjectType": "%vlocity_namespace%__ObjectSection__c"
                            },
                            "%vlocity_namespace%__Sequence__c": 30,
                            "%vlocity_namespace%__Type__c": "Field",
                            "Name": "Price List",
                            "VlocityDataPackType": "SObject",
                            "VlocityRecordSObjectType": "%vlocity_namespace%__ObjectElement__c",
                            "VlocityRecordSourceKey": "%vlocity_namespace%__ObjectElement__c/229d9751-a27e-d771-876d-7088f1c224cf"
                        },
                        {
                            "%vlocity_namespace%__AttributeId__c": "",
                            "%vlocity_namespace%__Column__c": "1",
                            "%vlocity_namespace%__EffectiveFromDate__c": "",
                            "%vlocity_namespace%__EffectiveUntilDate__c": "",
                            "%vlocity_namespace%__FieldApiName__c": "%vlocity_namespace%__ProductId__c",
                            "%vlocity_namespace%__GlobalKey__c": "648d2219-54b1-b935-a4fb-9bc554200680",
                            "%vlocity_namespace%__IsActive__c": true,
                            "%vlocity_namespace%__IsRequired__c": false,
                            "%vlocity_namespace%__ObjectSectionId__c": {
                                "Name": "51f08793-fe97-3629-0a0b-c830d6933c60",
                                "VlocityDataPackType": "VlocityMatchingKeyObject",
                                "VlocityMatchingRecordSourceKey": "%vlocity_namespace%__ObjectSection__c/51f08793-fe97-3629-0a0b-c830d6933c60",
                                "VlocityRecordSObjectType": "%vlocity_namespace%__ObjectSection__c"
                            },
                            "%vlocity_namespace%__Sequence__c": 40,
                            "%vlocity_namespace%__Type__c": "Field",
                            "Name": "Product",
                            "VlocityDataPackType": "SObject",
                            "VlocityRecordSObjectType": "%vlocity_namespace%__ObjectElement__c",
                            "VlocityRecordSourceKey": "%vlocity_namespace%__ObjectElement__c/648d2219-54b1-b935-a4fb-9bc554200680"
                        },
                        {
                            "%vlocity_namespace%__AttributeId__c": "",
                            "%vlocity_namespace%__Column__c": "1",
                            "%vlocity_namespace%__EffectiveFromDate__c": "",
                            "%vlocity_namespace%__EffectiveUntilDate__c": "",
                            "%vlocity_namespace%__FieldApiName__c": "%vlocity_namespace%__Code__c",
                            "%vlocity_namespace%__GlobalKey__c": "7f3e450c-1508-0a5a-4539-8889d8dc417f",
                            "%vlocity_namespace%__IsActive__c": true,
                            "%vlocity_namespace%__IsRequired__c": false,
                            "%vlocity_namespace%__ObjectSectionId__c": {
                                "Name": "51f08793-fe97-3629-0a0b-c830d6933c60",
                                "VlocityDataPackType": "VlocityMatchingKeyObject",
                                "VlocityMatchingRecordSourceKey": "%vlocity_namespace%__ObjectSection__c/51f08793-fe97-3629-0a0b-c830d6933c60",
                                "VlocityRecordSObjectType": "%vlocity_namespace%__ObjectSection__c"
                            },
                            "%vlocity_namespace%__Sequence__c": 50,
                            "%vlocity_namespace%__Type__c": "Field",
                            "Name": "Code",
                            "VlocityDataPackType": "SObject",
                            "VlocityRecordSObjectType": "%vlocity_namespace%__ObjectElement__c",
                            "VlocityRecordSourceKey": "%vlocity_namespace%__ObjectElement__c/7f3e450c-1508-0a5a-4539-8889d8dc417f"
                        },
                        {
                            "%vlocity_namespace%__AttributeId__c": "",
                            "%vlocity_namespace%__Column__c": "1",
                            "%vlocity_namespace%__EffectiveFromDate__c": "",
                            "%vlocity_namespace%__EffectiveUntilDate__c": "",
                            "%vlocity_namespace%__FieldApiName__c": "%vlocity_namespace%__DisplayText__c",
                            "%vlocity_namespace%__GlobalKey__c": "114ab2cb-e81c-319d-40b5-a737cd5fb56e",
                            "%vlocity_namespace%__IsActive__c": true,
                            "%vlocity_namespace%__IsRequired__c": false,
                            "%vlocity_namespace%__ObjectSectionId__c": {
                                "Name": "51f08793-fe97-3629-0a0b-c830d6933c60",
                                "VlocityDataPackType": "VlocityMatchingKeyObject",
                                "VlocityMatchingRecordSourceKey": "%vlocity_namespace%__ObjectSection__c/51f08793-fe97-3629-0a0b-c830d6933c60",
                                "VlocityRecordSObjectType": "%vlocity_namespace%__ObjectSection__c"
                            },
                            "%vlocity_namespace%__Sequence__c": 60,
                            "%vlocity_namespace%__Type__c": "Field",
                            "Name": "Display Text",
                            "VlocityDataPackType": "SObject",
                            "VlocityRecordSObjectType": "%vlocity_namespace%__ObjectElement__c",
                            "VlocityRecordSourceKey": "%vlocity_namespace%__ObjectElement__c/114ab2cb-e81c-319d-40b5-a737cd5fb56e"
                        },
                        {
                            "%vlocity_namespace%__AttributeId__c": "",
                            "%vlocity_namespace%__Column__c": "1",
                            "%vlocity_namespace%__EffectiveFromDate__c": "",
                            "%vlocity_namespace%__EffectiveUntilDate__c": "",
                            "%vlocity_namespace%__FieldApiName__c": "%vlocity_namespace%__TimePlanId__c",
                            "%vlocity_namespace%__GlobalKey__c": "90935b47-1a43-56ab-640a-4b2a8fe531c0",
                            "%vlocity_namespace%__IsActive__c": true,
                            "%vlocity_namespace%__IsRequired__c": false,
                            "%vlocity_namespace%__ObjectSectionId__c": {
                                "Name": "51f08793-fe97-3629-0a0b-c830d6933c60",
                                "VlocityDataPackType": "VlocityMatchingKeyObject",
                                "VlocityMatchingRecordSourceKey": "%vlocity_namespace%__ObjectSection__c/51f08793-fe97-3629-0a0b-c830d6933c60",
                                "VlocityRecordSObjectType": "%vlocity_namespace%__ObjectSection__c"
                            },
                            "%vlocity_namespace%__Sequence__c": 70,
                            "%vlocity_namespace%__Type__c": "Field",
                            "Name": "Time Plan",
                            "VlocityDataPackType": "SObject",
                            "VlocityRecordSObjectType": "%vlocity_namespace%__ObjectElement__c",
                            "VlocityRecordSourceKey": "%vlocity_namespace%__ObjectElement__c/90935b47-1a43-56ab-640a-4b2a8fe531c0"
                        },
                        {
                            "%vlocity_namespace%__AttributeId__c": "",
                            "%vlocity_namespace%__Column__c": "1",
                            "%vlocity_namespace%__EffectiveFromDate__c": "",
                            "%vlocity_namespace%__EffectiveUntilDate__c": "",
                            "%vlocity_namespace%__FieldApiName__c": "%vlocity_namespace%__IsOverride__c",
                            "%vlocity_namespace%__GlobalKey__c": "5287432d-7824-6293-0b5c-651934dcb9c9",
                            "%vlocity_namespace%__IsActive__c": true,
                            "%vlocity_namespace%__IsRequired__c": false,
                            "%vlocity_namespace%__ObjectSectionId__c": {
                                "Name": "51f08793-fe97-3629-0a0b-c830d6933c60",
                                "VlocityDataPackType": "VlocityMatchingKeyObject",
                                "VlocityMatchingRecordSourceKey": "%vlocity_namespace%__ObjectSection__c/51f08793-fe97-3629-0a0b-c830d6933c60",
                                "VlocityRecordSObjectType": "%vlocity_namespace%__ObjectSection__c"
                            },
                            "%vlocity_namespace%__Sequence__c": 80,
                            "%vlocity_namespace%__Type__c": "Field",
                            "Name": "Override",
                            "VlocityDataPackType": "SObject",
                            "VlocityRecordSObjectType": "%vlocity_namespace%__ObjectElement__c",
                            "VlocityRecordSourceKey": "%vlocity_namespace%__ObjectElement__c/5287432d-7824-6293-0b5c-651934dcb9c9"
                        },
                        {
                            "%vlocity_namespace%__AttributeId__c": "",
                            "%vlocity_namespace%__Column__c": "1",
                            "%vlocity_namespace%__EffectiveFromDate__c": "",
                            "%vlocity_namespace%__EffectiveUntilDate__c": "",
                            "%vlocity_namespace%__FieldApiName__c": "%vlocity_namespace%__RuleInfo__c",
                            "%vlocity_namespace%__GlobalKey__c": "8f70c82c-fa7f-1810-0622-1355da85cd66",
                            "%vlocity_namespace%__IsActive__c": true,
                            "%vlocity_namespace%__IsRequired__c": false,
                            "%vlocity_namespace%__ObjectSectionId__c": {
                                "Name": "51f08793-fe97-3629-0a0b-c830d6933c60",
                                "VlocityDataPackType": "VlocityMatchingKeyObject",
                                "VlocityMatchingRecordSourceKey": "%vlocity_namespace%__ObjectSection__c/51f08793-fe97-3629-0a0b-c830d6933c60",
                                "VlocityRecordSObjectType": "%vlocity_namespace%__ObjectSection__c"
                            },
                            "%vlocity_namespace%__Sequence__c": 90,
                            "%vlocity_namespace%__Type__c": "Field",
                            "Name": "Rule Info",
                            "VlocityDataPackType": "SObject",
                            "VlocityRecordSObjectType": "%vlocity_namespace%__ObjectElement__c",
                            "VlocityRecordSourceKey": "%vlocity_namespace%__ObjectElement__c/8f70c82c-fa7f-1810-0622-1355da85cd66"
                        },
                        {
                            "%vlocity_namespace%__AttributeId__c": "",
                            "%vlocity_namespace%__Column__c": "1",
                            "%vlocity_namespace%__EffectiveFromDate__c": "",
                            "%vlocity_namespace%__EffectiveUntilDate__c": "",
                            "%vlocity_namespace%__FieldApiName__c": "%vlocity_namespace%__CalculationType__c",
                            "%vlocity_namespace%__GlobalKey__c": "9dff70cb-5564-dd7b-9fec-c076c80512aa",
                            "%vlocity_namespace%__IsActive__c": true,
                            "%vlocity_namespace%__IsRequired__c": false,
                            "%vlocity_namespace%__ObjectSectionId__c": {
                                "Name": "51f08793-fe97-3629-0a0b-c830d6933c60",
                                "VlocityDataPackType": "VlocityMatchingKeyObject",
                                "VlocityMatchingRecordSourceKey": "%vlocity_namespace%__ObjectSection__c/51f08793-fe97-3629-0a0b-c830d6933c60",
                                "VlocityRecordSObjectType": "%vlocity_namespace%__ObjectSection__c"
                            },
                            "%vlocity_namespace%__Sequence__c": 100,
                            "%vlocity_namespace%__Type__c": "Field",
                            "Name": "Calculation Type",
                            "VlocityDataPackType": "SObject",
                            "VlocityRecordSObjectType": "%vlocity_namespace%__ObjectElement__c",
                            "VlocityRecordSourceKey": "%vlocity_namespace%__ObjectElement__c/9dff70cb-5564-dd7b-9fec-c076c80512aa"
                        }
                    ],
                    "%vlocity_namespace%__ObjectFacetId__c": {
                        "Name": "9cebb100-2588-eda4-af28-d93862201cc7",
                        "VlocityDataPackType": "VlocityMatchingKeyObject",
                        "VlocityMatchingRecordSourceKey": "%vlocity_namespace%__ObjectFacet__c/9cebb100-2588-eda4-af28-d93862201cc7",
                        "VlocityRecordSObjectType": "%vlocity_namespace%__ObjectFacet__c"
                    },
                    "%vlocity_namespace%__SectionId__c": {
                        "%vlocity_namespace%__GlobalKey__c": "5ceff4783b0f59f31b27417a7064a12c",
                        "VlocityDataPackType": "VlocityLookupMatchingKeyObject",
                        "VlocityLookupRecordSourceKey": "%vlocity_namespace%__UISection__c/5ceff4783b0f59f31b27417a7064a12c",
                        "VlocityRecordSObjectType": "%vlocity_namespace%__UISection__c"
                    },
                    "%vlocity_namespace%__Sequence__c": 10,
                    "%vlocity_namespace%__TabKeyOrder__c": "",
                    "%vlocity_namespace%__ViewType__c": "Field Layout",
                    "%vlocity_namespace%__ViewUri__c": "",
                    "Name": "51f08793-fe97-3629-0a0b-c830d6933c60",
                    "VlocityDataPackType": "SObject",
                    "VlocityRecordSObjectType": "%vlocity_namespace%__ObjectSection__c",
                    "VlocityRecordSourceKey": "%vlocity_namespace%__ObjectSection__c/51f08793-fe97-3629-0a0b-c830d6933c60"
                },
                {
                    "%vlocity_namespace%__ColumnLayout__c": "",
                    "%vlocity_namespace%__EffectiveFromDate__c": "",
                    "%vlocity_namespace%__EffectiveUntilDate__c": "",
                    "%vlocity_namespace%__GlobalKey__c": "a07a7af8-a07b-990c-b296-0374f50076f0",
                    "%vlocity_namespace%__IsActive__c": true,
                    "%vlocity_namespace%__ObjectElement__c": [
                        {
                            "%vlocity_namespace%__AttributeId__c": "",
                            "%vlocity_namespace%__Column__c": "1",
                            "%vlocity_namespace%__EffectiveFromDate__c": "",
                            "%vlocity_namespace%__EffectiveUntilDate__c": "",
                            "%vlocity_namespace%__FieldApiName__c": "%vlocity_namespace%__Amount__c",
                            "%vlocity_namespace%__GlobalKey__c": "fcb06d3f-3b79-9615-ec15-d1640f923241",
                            "%vlocity_namespace%__IsActive__c": true,
                            "%vlocity_namespace%__IsRequired__c": false,
                            "%vlocity_namespace%__ObjectSectionId__c": {
                                "Name": "a07a7af8-a07b-990c-b296-0374f50076f0",
                                "VlocityDataPackType": "VlocityMatchingKeyObject",
                                "VlocityMatchingRecordSourceKey": "%vlocity_namespace%__ObjectSection__c/a07a7af8-a07b-990c-b296-0374f50076f0",
                                "VlocityRecordSObjectType": "%vlocity_namespace%__ObjectSection__c"
                            },
                            "%vlocity_namespace%__Sequence__c": 10,
                            "%vlocity_namespace%__Type__c": "Field",
                            "Name": "Amount",
                            "VlocityDataPackType": "SObject",
                            "VlocityRecordSObjectType": "%vlocity_namespace%__ObjectElement__c",
                            "VlocityRecordSourceKey": "%vlocity_namespace%__ObjectElement__c/fcb06d3f-3b79-9615-ec15-d1640f923241"
                        }
                    ],
                    "%vlocity_namespace%__ObjectFacetId__c": {
                        "Name": "9cebb100-2588-eda4-af28-d93862201cc7",
                        "VlocityDataPackType": "VlocityMatchingKeyObject",
                        "VlocityMatchingRecordSourceKey": "%vlocity_namespace%__ObjectFacet__c/9cebb100-2588-eda4-af28-d93862201cc7",
                        "VlocityRecordSObjectType": "%vlocity_namespace%__ObjectFacet__c"
                    },
                    "%vlocity_namespace%__SectionId__c": {
                        "%vlocity_namespace%__GlobalKey__c": "70bedac4d87962a1252e43f4fc0e2ebf",
                        "VlocityDataPackType": "VlocityLookupMatchingKeyObject",
                        "VlocityLookupRecordSourceKey": "%vlocity_namespace%__UISection__c/70bedac4d87962a1252e43f4fc0e2ebf",
                        "VlocityRecordSObjectType": "%vlocity_namespace%__UISection__c"
                    },
                    "%vlocity_namespace%__Sequence__c": 20,
                    "%vlocity_namespace%__TabKeyOrder__c": "",
                    "%vlocity_namespace%__ViewType__c": "Field Layout",
                    "%vlocity_namespace%__ViewUri__c": "",
                    "Name": "a07a7af8-a07b-990c-b296-0374f50076f0",
                    "VlocityDataPackType": "SObject",
                    "VlocityRecordSObjectType": "%vlocity_namespace%__ObjectSection__c",
                    "VlocityRecordSourceKey": "%vlocity_namespace%__ObjectSection__c/a07a7af8-a07b-990c-b296-0374f50076f0"
                },
                {
                    "%vlocity_namespace%__ColumnLayout__c": "",
                    "%vlocity_namespace%__EffectiveFromDate__c": "",
                    "%vlocity_namespace%__EffectiveUntilDate__c": "",
                    "%vlocity_namespace%__GlobalKey__c": "dd6e92a3-7c52-1b5a-5ad6-27a9716579a3",
                    "%vlocity_namespace%__IsActive__c": true,
                    "%vlocity_namespace%__ObjectElement__c": [
                        {
                            "%vlocity_namespace%__AttributeId__c": "",
                            "%vlocity_namespace%__Column__c": "1",
                            "%vlocity_namespace%__EffectiveFromDate__c": "",
                            "%vlocity_namespace%__EffectiveUntilDate__c": "",
                            "%vlocity_namespace%__FieldApiName__c": "%vlocity_namespace%__CalculationMatrixId__c",
                            "%vlocity_namespace%__GlobalKey__c": "e791cf8e-7da9-8fbb-ebda-c6766cc5c9c3",
                            "%vlocity_namespace%__IsActive__c": true,
                            "%vlocity_namespace%__IsRequired__c": false,
                            "%vlocity_namespace%__ObjectSectionId__c": {
                                "Name": "dd6e92a3-7c52-1b5a-5ad6-27a9716579a3",
                                "VlocityDataPackType": "VlocityMatchingKeyObject",
                                "VlocityMatchingRecordSourceKey": "%vlocity_namespace%__ObjectSection__c/dd6e92a3-7c52-1b5a-5ad6-27a9716579a3",
                                "VlocityRecordSObjectType": "%vlocity_namespace%__ObjectSection__c"
                            },
                            "%vlocity_namespace%__Sequence__c": 10,
                            "%vlocity_namespace%__Type__c": "Field",
                            "Name": "Calculation Matrix",
                            "VlocityDataPackType": "SObject",
                            "VlocityRecordSObjectType": "%vlocity_namespace%__ObjectElement__c",
                            "VlocityRecordSourceKey": "%vlocity_namespace%__ObjectElement__c/e791cf8e-7da9-8fbb-ebda-c6766cc5c9c3"
                        },
                        {
                            "%vlocity_namespace%__AttributeId__c": "",
                            "%vlocity_namespace%__Column__c": "1",
                            "%vlocity_namespace%__EffectiveFromDate__c": "",
                            "%vlocity_namespace%__EffectiveUntilDate__c": "",
                            "%vlocity_namespace%__FieldApiName__c": "%vlocity_namespace%__MatrixBinding__c",
                            "%vlocity_namespace%__GlobalKey__c": "1ffeb872-24d6-664c-7302-77026f84622a",
                            "%vlocity_namespace%__IsActive__c": true,
                            "%vlocity_namespace%__IsRequired__c": false,
                            "%vlocity_namespace%__ObjectSectionId__c": {
                                "Name": "dd6e92a3-7c52-1b5a-5ad6-27a9716579a3",
                                "VlocityDataPackType": "VlocityMatchingKeyObject",
                                "VlocityMatchingRecordSourceKey": "%vlocity_namespace%__ObjectSection__c/dd6e92a3-7c52-1b5a-5ad6-27a9716579a3",
                                "VlocityRecordSObjectType": "%vlocity_namespace%__ObjectSection__c"
                            },
                            "%vlocity_namespace%__Sequence__c": 20,
                            "%vlocity_namespace%__Type__c": "Field",
                            "Name": "Matrix Binding",
                            "VlocityDataPackType": "SObject",
                            "VlocityRecordSObjectType": "%vlocity_namespace%__ObjectElement__c",
                            "VlocityRecordSourceKey": "%vlocity_namespace%__ObjectElement__c/1ffeb872-24d6-664c-7302-77026f84622a"
                        }
                    ],
                    "%vlocity_namespace%__ObjectFacetId__c": {
                        "Name": "9cebb100-2588-eda4-af28-d93862201cc7",
                        "VlocityDataPackType": "VlocityMatchingKeyObject",
                        "VlocityMatchingRecordSourceKey": "%vlocity_namespace%__ObjectFacet__c/9cebb100-2588-eda4-af28-d93862201cc7",
                        "VlocityRecordSObjectType": "%vlocity_namespace%__ObjectFacet__c"
                    },
                    "%vlocity_namespace%__SectionId__c": {
                        "%vlocity_namespace%__GlobalKey__c": "ae798375fe68f9689f592b56ce26fa5f",
                        "VlocityDataPackType": "VlocityLookupMatchingKeyObject",
                        "VlocityLookupRecordSourceKey": "%vlocity_namespace%__UISection__c/ae798375fe68f9689f592b56ce26fa5f",
                        "VlocityRecordSObjectType": "%vlocity_namespace%__UISection__c"
                    },
                    "%vlocity_namespace%__Sequence__c": 40,
                    "%vlocity_namespace%__TabKeyOrder__c": "",
                    "%vlocity_namespace%__ViewType__c": "Field Layout",
                    "%vlocity_namespace%__ViewUri__c": "",
                    "Name": "dd6e92a3-7c52-1b5a-5ad6-27a9716579a3",
                    "VlocityDataPackType": "SObject",
                    "VlocityRecordSObjectType": "%vlocity_namespace%__ObjectSection__c",
                    "VlocityRecordSourceKey": "%vlocity_namespace%__ObjectSection__c/dd6e92a3-7c52-1b5a-5ad6-27a9716579a3"
                },
                {
                    "%vlocity_namespace%__ColumnLayout__c": "",
                    "%vlocity_namespace%__EffectiveFromDate__c": "",
                    "%vlocity_namespace%__EffectiveUntilDate__c": "",
                    "%vlocity_namespace%__GlobalKey__c": "d55b8c98-d992-1bcc-8b26-f355452167a4",
                    "%vlocity_namespace%__IsActive__c": true,
                    "%vlocity_namespace%__ObjectElement__c": [
                        {
                            "%vlocity_namespace%__AttributeId__c": "",
                            "%vlocity_namespace%__Column__c": "1",
                            "%vlocity_namespace%__EffectiveFromDate__c": "",
                            "%vlocity_namespace%__EffectiveUntilDate__c": "",
                            "%vlocity_namespace%__FieldApiName__c": "%vlocity_namespace%__OfferId__c",
                            "%vlocity_namespace%__GlobalKey__c": "a30bcdc4-76a5-6930-c93a-c6339567d389",
                            "%vlocity_namespace%__IsActive__c": true,
                            "%vlocity_namespace%__IsRequired__c": false,
                            "%vlocity_namespace%__ObjectSectionId__c": {
                                "Name": "d55b8c98-d992-1bcc-8b26-f355452167a4",
                                "VlocityDataPackType": "VlocityMatchingKeyObject",
                                "VlocityMatchingRecordSourceKey": "%vlocity_namespace%__ObjectSection__c/d55b8c98-d992-1bcc-8b26-f355452167a4",
                                "VlocityRecordSObjectType": "%vlocity_namespace%__ObjectSection__c"
                            },
                            "%vlocity_namespace%__Sequence__c": 10,
                            "%vlocity_namespace%__Type__c": "Field",
                            "Name": "Offer",
                            "VlocityDataPackType": "SObject",
                            "VlocityRecordSObjectType": "%vlocity_namespace%__ObjectElement__c",
                            "VlocityRecordSourceKey": "%vlocity_namespace%__ObjectElement__c/a30bcdc4-76a5-6930-c93a-c6339567d389"
                        },
                        {
                            "%vlocity_namespace%__AttributeId__c": "",
                            "%vlocity_namespace%__Column__c": "1",
                            "%vlocity_namespace%__EffectiveFromDate__c": "",
                            "%vlocity_namespace%__EffectiveUntilDate__c": "",
                            "%vlocity_namespace%__FieldApiName__c": "%vlocity_namespace%__PromotionId__c",
                            "%vlocity_namespace%__GlobalKey__c": "c3e7831e-05d2-e16e-a96f-f4335a9bd0fb",
                            "%vlocity_namespace%__IsActive__c": true,
                            "%vlocity_namespace%__IsRequired__c": false,
                            "%vlocity_namespace%__ObjectSectionId__c": {
                                "Name": "d55b8c98-d992-1bcc-8b26-f355452167a4",
                                "VlocityDataPackType": "VlocityMatchingKeyObject",
                                "VlocityMatchingRecordSourceKey": "%vlocity_namespace%__ObjectSection__c/d55b8c98-d992-1bcc-8b26-f355452167a4",
                                "VlocityRecordSObjectType": "%vlocity_namespace%__ObjectSection__c"
                            },
                            "%vlocity_namespace%__Sequence__c": 20,
                            "%vlocity_namespace%__Type__c": "Field",
                            "Name": "Promotion",
                            "VlocityDataPackType": "SObject",
                            "VlocityRecordSObjectType": "%vlocity_namespace%__ObjectElement__c",
                            "VlocityRecordSourceKey": "%vlocity_namespace%__ObjectElement__c/c3e7831e-05d2-e16e-a96f-f4335a9bd0fb"
                        }
                    ],
                    "%vlocity_namespace%__ObjectFacetId__c": {
                        "Name": "9cebb100-2588-eda4-af28-d93862201cc7",
                        "VlocityDataPackType": "VlocityMatchingKeyObject",
                        "VlocityMatchingRecordSourceKey": "%vlocity_namespace%__ObjectFacet__c/9cebb100-2588-eda4-af28-d93862201cc7",
                        "VlocityRecordSObjectType": "%vlocity_namespace%__ObjectFacet__c"
                    },
                    "%vlocity_namespace%__SectionId__c": {
                        "%vlocity_namespace%__GlobalKey__c": "ad4e206408c1c59bfb8a057ba7857446",
                        "VlocityDataPackType": "VlocityLookupMatchingKeyObject",
                        "VlocityLookupRecordSourceKey": "%vlocity_namespace%__UISection__c/ad4e206408c1c59bfb8a057ba7857446",
                        "VlocityRecordSObjectType": "%vlocity_namespace%__UISection__c"
                    },
                    "%vlocity_namespace%__Sequence__c": 50,
                    "%vlocity_namespace%__TabKeyOrder__c": "",
                    "%vlocity_namespace%__ViewType__c": "Field Layout",
                    "%vlocity_namespace%__ViewUri__c": "",
                    "Name": "d55b8c98-d992-1bcc-8b26-f355452167a4",
                    "VlocityDataPackType": "SObject",
                    "VlocityRecordSObjectType": "%vlocity_namespace%__ObjectSection__c",
                    "VlocityRecordSourceKey": "%vlocity_namespace%__ObjectSection__c/d55b8c98-d992-1bcc-8b26-f355452167a4"
                },
                {
                    "%vlocity_namespace%__ColumnLayout__c": "",
                    "%vlocity_namespace%__EffectiveFromDate__c": "",
                    "%vlocity_namespace%__EffectiveUntilDate__c": "",
                    "%vlocity_namespace%__GlobalKey__c": "0dbcff49-cf49-3f1a-4648-e174926c9509",
                    "%vlocity_namespace%__IsActive__c": true,
                    "%vlocity_namespace%__ObjectElement__c": [
                        {
                            "%vlocity_namespace%__AttributeId__c": "",
                            "%vlocity_namespace%__Column__c": "1",
                            "%vlocity_namespace%__EffectiveFromDate__c": "",
                            "%vlocity_namespace%__EffectiveUntilDate__c": "",
                            "%vlocity_namespace%__FieldApiName__c": "%vlocity_namespace%__IsActive__c",
                            "%vlocity_namespace%__GlobalKey__c": "f0b74c6f-6f2e-9936-e885-683dfd324608",
                            "%vlocity_namespace%__IsActive__c": true,
                            "%vlocity_namespace%__IsRequired__c": false,
                            "%vlocity_namespace%__ObjectSectionId__c": {
                                "Name": "0dbcff49-cf49-3f1a-4648-e174926c9509",
                                "VlocityDataPackType": "VlocityMatchingKeyObject",
                                "VlocityMatchingRecordSourceKey": "%vlocity_namespace%__ObjectSection__c/0dbcff49-cf49-3f1a-4648-e174926c9509",
                                "VlocityRecordSObjectType": "%vlocity_namespace%__ObjectSection__c"
                            },
                            "%vlocity_namespace%__Sequence__c": 10,
                            "%vlocity_namespace%__Type__c": "Field",
                            "Name": "Active",
                            "VlocityDataPackType": "SObject",
                            "VlocityRecordSObjectType": "%vlocity_namespace%__ObjectElement__c",
                            "VlocityRecordSourceKey": "%vlocity_namespace%__ObjectElement__c/f0b74c6f-6f2e-9936-e885-683dfd324608"
                        },
                        {
                            "%vlocity_namespace%__AttributeId__c": "",
                            "%vlocity_namespace%__Column__c": "1",
                            "%vlocity_namespace%__EffectiveFromDate__c": "",
                            "%vlocity_namespace%__EffectiveUntilDate__c": "",
                            "%vlocity_namespace%__FieldApiName__c": "%vlocity_namespace%__EffectiveFromDate__c",
                            "%vlocity_namespace%__GlobalKey__c": "799e6862-3d54-99ec-5c82-0c17ceaa64ae",
                            "%vlocity_namespace%__IsActive__c": true,
                            "%vlocity_namespace%__IsRequired__c": false,
                            "%vlocity_namespace%__ObjectSectionId__c": {
                                "Name": "0dbcff49-cf49-3f1a-4648-e174926c9509",
                                "VlocityDataPackType": "VlocityMatchingKeyObject",
                                "VlocityMatchingRecordSourceKey": "%vlocity_namespace%__ObjectSection__c/0dbcff49-cf49-3f1a-4648-e174926c9509",
                                "VlocityRecordSObjectType": "%vlocity_namespace%__ObjectSection__c"
                            },
                            "%vlocity_namespace%__Sequence__c": 20,
                            "%vlocity_namespace%__Type__c": "Field",
                            "Name": "Effective From",
                            "VlocityDataPackType": "SObject",
                            "VlocityRecordSObjectType": "%vlocity_namespace%__ObjectElement__c",
                            "VlocityRecordSourceKey": "%vlocity_namespace%__ObjectElement__c/799e6862-3d54-99ec-5c82-0c17ceaa64ae"
                        },
                        {
                            "%vlocity_namespace%__AttributeId__c": "",
                            "%vlocity_namespace%__Column__c": "1",
                            "%vlocity_namespace%__EffectiveFromDate__c": "",
                            "%vlocity_namespace%__EffectiveUntilDate__c": "",
                            "%vlocity_namespace%__FieldApiName__c": "%vlocity_namespace%__EffectiveUntilDate__c",
                            "%vlocity_namespace%__GlobalKey__c": "6de6ceea-a3d1-2813-a80f-729aaaa8ddd2",
                            "%vlocity_namespace%__IsActive__c": true,
                            "%vlocity_namespace%__IsRequired__c": false,
                            "%vlocity_namespace%__ObjectSectionId__c": {
                                "Name": "0dbcff49-cf49-3f1a-4648-e174926c9509",
                                "VlocityDataPackType": "VlocityMatchingKeyObject",
                                "VlocityMatchingRecordSourceKey": "%vlocity_namespace%__ObjectSection__c/0dbcff49-cf49-3f1a-4648-e174926c9509",
                                "VlocityRecordSObjectType": "%vlocity_namespace%__ObjectSection__c"
                            },
                            "%vlocity_namespace%__Sequence__c": 30,
                            "%vlocity_namespace%__Type__c": "Field",
                            "Name": "Effective Until",
                            "VlocityDataPackType": "SObject",
                            "VlocityRecordSObjectType": "%vlocity_namespace%__ObjectElement__c",
                            "VlocityRecordSourceKey": "%vlocity_namespace%__ObjectElement__c/6de6ceea-a3d1-2813-a80f-729aaaa8ddd2"
                        }
                    ],
                    "%vlocity_namespace%__ObjectFacetId__c": {
                        "Name": "9cebb100-2588-eda4-af28-d93862201cc7",
                        "VlocityDataPackType": "VlocityMatchingKeyObject",
                        "VlocityMatchingRecordSourceKey": "%vlocity_namespace%__ObjectFacet__c/9cebb100-2588-eda4-af28-d93862201cc7",
                        "VlocityRecordSObjectType": "%vlocity_namespace%__ObjectFacet__c"
                    },
                    "%vlocity_namespace%__SectionId__c": {
                        "%vlocity_namespace%__GlobalKey__c": "07fb6c10c8822dcf5708e0b13836de9d",
                        "VlocityDataPackType": "VlocityLookupMatchingKeyObject",
                        "VlocityLookupRecordSourceKey": "%vlocity_namespace%__UISection__c/07fb6c10c8822dcf5708e0b13836de9d",
                        "VlocityRecordSObjectType": "%vlocity_namespace%__UISection__c"
                    },
                    "%vlocity_namespace%__Sequence__c": 60,
                    "%vlocity_namespace%__TabKeyOrder__c": "",
                    "%vlocity_namespace%__ViewType__c": "Field Layout",
                    "%vlocity_namespace%__ViewUri__c": "",
                    "Name": "0dbcff49-cf49-3f1a-4648-e174926c9509",
                    "VlocityDataPackType": "SObject",
                    "VlocityRecordSObjectType": "%vlocity_namespace%__ObjectSection__c",
                    "VlocityRecordSourceKey": "%vlocity_namespace%__ObjectSection__c/0dbcff49-cf49-3f1a-4648-e174926c9509"
                }
            ],
            "%vlocity_namespace%__Sequence__c": 10,
            "Name": "9cebb100-2588-eda4-af28-d93862201cc7",
            "VlocityDataPackType": "SObject",
            "VlocityRecordSObjectType": "%vlocity_namespace%__ObjectFacet__c",
            "VlocityRecordSourceKey": "%vlocity_namespace%__ObjectFacet__c/9cebb100-2588-eda4-af28-d93862201cc7"
        }
    ],
    "%vlocity_namespace%__SubclassId__c": {
        "%vlocity_namespace%__GlobalKey__c": "104d9898c04874d0fbac36e125fa1369",
        "VlocityDataPackType": "VlocityLookupMatchingKeyObject",
        "VlocityLookupRecordSourceKey": "%vlocity_namespace%__ObjectClass__c/104d9898c04874d0fbac36e125fa1369",
        "VlocityRecordSObjectType": "%vlocity_namespace%__ObjectClass__c"
    },
    "Name": "DiscountLayout",
    "VlocityDataPackType": "SObject",
    "VlocityRecordSObjectType": "%vlocity_namespace%__ObjectLayout__c",
    "VlocityRecordSourceKey": "%vlocity_namespace%__ObjectLayout__c/9dbd37200af04916049bde2ee41262df"
}