{
    "%vlocity_namespace%__Channel__c": "",
    "%vlocity_namespace%__ContentType__c": "Image",
    "%vlocity_namespace%__Description__c": "#000000",
    "%vlocity_namespace%__DisplayConditionsData__c": "",
    "%vlocity_namespace%__GlobalKey__c": "fba67b0c-4654-62f6-aed3-d2dd1c4fa8f2",
    "%vlocity_namespace%__IsDefaultImage__c": false,
    "%vlocity_namespace%__IsPrivate__c": false,
    "%vlocity_namespace%__ObjectId__c": {
        "%vlocity_namespace%__GlobalKey__c": "66e76f65-3989-963a-7f09-7ab004f4fc2a",
        "VlocityDataPackType": "VlocityLookupMatchingKeyObject",
        "VlocityLookupRecordSourceKey": "Product2/66e76f65-3989-963a-7f09-7ab004f4fc2a",
        "VlocityRecordSObjectType": "Product2"
    },
    "%vlocity_namespace%__SequenceNumber__c": 0,
    "%vlocity_namespace%__UrlLong__c": "https://images-na.ssl-images-amazon.com/images/I/61NU6O0qPZL._SL1500_.jpg",
    "%vlocity_namespace%__Url__c": "",
    "Name": "iPhoneX-black",
    "VlocityDataPackType": "SObject",
    "VlocityRecordSObjectType": "%vlocity_namespace%__VlocityAttachment__c",
    "VlocityRecordSourceKey": "%vlocity_namespace%__VlocityAttachment__c/fba67b0c-4654-62f6-aed3-d2dd1c4fa8f2"
}