[
    {
        "%vlocity_namespace%__BasePriceListId__c": "",
        "%vlocity_namespace%__DisplayText__c": "my pb",
        "%vlocity_namespace%__EffectiveFromDate__c": "2019-10-31T18:30:00.000Z",
        "%vlocity_namespace%__EffectiveUntilDate__c": "",
        "%vlocity_namespace%__GlobalKey__c": "1e2a6a84-3086-3b6e-c0c9-97b112e366c0",
        "%vlocity_namespace%__IsActive__c": true,
        "%vlocity_namespace%__IsBasePrice__c": false,
        "%vlocity_namespace%__IsOverride__c": false,
        "%vlocity_namespace%__IsVirtualPrice__c": false,
        "%vlocity_namespace%__OfferId__c": "",
        "%vlocity_namespace%__PriceListId__c": {
            "%vlocity_namespace%__Code__c": "parameshPB",
            "VlocityDataPackType": "VlocityLookupMatchingKeyObject",
            "VlocityLookupRecordSourceKey": "%vlocity_namespace%__PriceList__c/parameshPB",
            "VlocityRecordSObjectType": "%vlocity_namespace%__PriceList__c"
        },
        "%vlocity_namespace%__PricingElementGlobalKey__c": "7cb9e208-577f-d152-c3d5-29ac76e0ccb7",
        "%vlocity_namespace%__PricingElementId__c": {
            "%vlocity_namespace%__GlobalKey__c": "e30f7544-347b-726f-9293-7cc2a76bf05a",
            "VlocityDataPackType": "VlocityLookupMatchingKeyObject",
            "VlocityLookupRecordSourceKey": "%vlocity_namespace%__PricingElement__c/e30f7544-347b-726f-9293-7cc2a76bf05a",
            "VlocityRecordSObjectType": "%vlocity_namespace%__PricingElement__c"
        },
        "%vlocity_namespace%__PricingMatrixBindingData__c": "",
        "%vlocity_namespace%__ProductId__c": {
            "%vlocity_namespace%__GlobalKey__c": "4ea04b54-3109-f755-a6ed-2fa98e558fcb",
            "VlocityDataPackType": "VlocityMatchingKeyObject",
            "VlocityMatchingRecordSourceKey": "Product2/4ea04b54-3109-f755-a6ed-2fa98e558fcb",
            "VlocityRecordSObjectType": "Product2"
        },
        "%vlocity_namespace%__PromotionId__c": "",
        "%vlocity_namespace%__PromotionItemId__c": "",
        "%vlocity_namespace%__RulesDescription__c": "",
        "%vlocity_namespace%__TimePlanId__c": "",
        "%vlocity_namespace%__TimePolicyId__c": "",
        "Name": "1e2a6a84-3086-3b6e-c0c9-97b112e366c0",
        "VlocityDataPackType": "SObject",
        "VlocityRecordSObjectType": "%vlocity_namespace%__PriceListEntry__c",
        "VlocityRecordSourceKey": "%vlocity_namespace%__PriceListEntry__c/1e2a6a84-3086-3b6e-c0c9-97b112e366c0"
    }
]