[
    {
        "%vlocity_namespace%__ActionType__c": "Add",
        "%vlocity_namespace%__CardinalityCheckScope__c": "",
        "%vlocity_namespace%__CatalogCategoryId__c": "",
        "%vlocity_namespace%__ContextEntityFilterId__c": "",
        "%vlocity_namespace%__ContextProductId__c": "",
        "%vlocity_namespace%__Description__c": "",
        "%vlocity_namespace%__EffectiveFromDate__c": "",
        "%vlocity_namespace%__EffectiveUntilDate__c": "",
        "%vlocity_namespace%__IsActive__c": true,
        "%vlocity_namespace%__IsUndoable__c": false,
        "%vlocity_namespace%__MaxQuantity__c": 1,
        "%vlocity_namespace%__MinQuantity__c": 1,
        "%vlocity_namespace%__OfferId__c": "",
        "%vlocity_namespace%__ProductHierarchyGlobalKeyPath__c": "66e76f65-3989-963a-7f09-7ab004f4fc2a",
        "%vlocity_namespace%__ProductHierarchyPath__c": {
            "%vlocity_namespace%__GlobalKey__c": "66e76f65-3989-963a-7f09-7ab004f4fc2a",
            "VlocityDataPackType": "VlocityLookupMatchingKeyObject",
            "VlocityLookupRecordSourceKey": "Product2/66e76f65-3989-963a-7f09-7ab004f4fc2a",
            "VlocityRecordSObjectType": "Product2"
        },
        "%vlocity_namespace%__ProductId__c": {
            "%vlocity_namespace%__GlobalKey__c": "66e76f65-3989-963a-7f09-7ab004f4fc2a",
            "VlocityDataPackType": "VlocityLookupMatchingKeyObject",
            "VlocityLookupRecordSourceKey": "Product2/66e76f65-3989-963a-7f09-7ab004f4fc2a",
            "VlocityRecordSObjectType": "Product2"
        },
        "%vlocity_namespace%__ProductId__r.%vlocity_namespace%__GlobalKey__c": "66e76f65-3989-963a-7f09-7ab004f4fc2a",
        "%vlocity_namespace%__PromotionId__c": {
            "%vlocity_namespace%__GlobalKey__c": "c271abb9-5121-8c97-48ef-7943dc30bc18",
            "VlocityDataPackType": "VlocityMatchingKeyObject",
            "VlocityMatchingRecordSourceKey": "%vlocity_namespace%__Promotion__c/c271abb9-5121-8c97-48ef-7943dc30bc18",
            "VlocityRecordSObjectType": "%vlocity_namespace%__Promotion__c"
        },
        "%vlocity_namespace%__PromotionId__r.%vlocity_namespace%__GlobalKey__c": "c271abb9-5121-8c97-48ef-7943dc30bc18",
        "%vlocity_namespace%__Quantity__c": 1,
        "%vlocity_namespace%__UndoableMessage__c": "",
        "%vlocity_namespace%__UpdateScope__c": "Update Item Only",
        "Name": "PromotionItem__ca3C6g00000025ao",
        "VlocityDataPackType": "SObject",
        "VlocityRecordSObjectType": "%vlocity_namespace%__PromotionItem__c",
        "VlocityRecordSourceKey": "%vlocity_namespace%__PromotionItem__c/%vlocity_namespace%__Promotion__c/c271abb9-5121-8c97-48ef-7943dc30bc18/Product2/66e76f65-3989-963a-7f09-7ab004f4fc2a"
    }
]