{
    "%vlocity_namespace%__AppliesToAllItems__c": false,
    "%vlocity_namespace%__BenefitTimePlanId__c": "",
    "%vlocity_namespace%__BenefitTimePolicyId__c": "",
    "%vlocity_namespace%__CannotBeCombined__c": false,
    "%vlocity_namespace%__Code__c": "Welcome10",
    "%vlocity_namespace%__Description__c": "",
    "%vlocity_namespace%__DiscountType__c": "",
    "%vlocity_namespace%__DurationTimePlanId__c": "",
    "%vlocity_namespace%__DurationTimePolicyId__c": "",
    "%vlocity_namespace%__DurationUnitOfMeasure__c": "Month",
    "%vlocity_namespace%__Duration__c": "",
    "%vlocity_namespace%__EffectiveEndDate__c": "2024-01-31T18:30:00.000Z",
    "%vlocity_namespace%__EffectiveStartDate__c": "2020-01-31T18:30:00.000Z",
    "%vlocity_namespace%__EnableAutoAddProducts__c": true,
    "%vlocity_namespace%__EnableAutoApplyPromotion__c": true,
    "%vlocity_namespace%__FollowOnPromotionId__c": "",
    "%vlocity_namespace%__GlobalKey__c": "c271abb9-5121-8c97-48ef-7943dc30bc18",
    "%vlocity_namespace%__IsActive__c": true,
    "%vlocity_namespace%__IsLimitedQuantity__c": true,
    "%vlocity_namespace%__IsOrderable__c": true,
    "%vlocity_namespace%__PriceListEntry__c": "Welcome_PriceListEntries.json",
    "%vlocity_namespace%__PriceListId__c": {
        "%vlocity_namespace%__Code__c": "parameshPB",
        "VlocityDataPackType": "VlocityLookupMatchingKeyObject",
        "VlocityLookupRecordSourceKey": "%vlocity_namespace%__PriceList__c/parameshPB",
        "VlocityRecordSObjectType": "%vlocity_namespace%__PriceList__c"
    },
    "%vlocity_namespace%__PromotionItem__c": "Welcome_PromotionItems.json",
    "%vlocity_namespace%__Quantity__c": "",
    "%vlocity_namespace%__RankOrder__c": "",
    "%vlocity_namespace%__RedeemableCode__c": "",
    "%vlocity_namespace%__ServiceContinuation__c": "Not Applicable",
    "Name": "Welcome",
    "RecordTypeId": {
        "DeveloperName": "Promotion",
        "SobjectType": "%vlocity_namespace%__Promotion__c",
        "VlocityDataPackType": "VlocityLookupMatchingKeyObject",
        "VlocityLookupRecordSourceKey": "RecordType/%vlocity_namespace%__Promotion__c/Promotion",
        "VlocityRecordSObjectType": "RecordType"
    },
    "VlocityDataPackType": "SObject",
    "VlocityRecordSObjectType": "%vlocity_namespace%__Promotion__c",
    "VlocityRecordSourceKey": "%vlocity_namespace%__Promotion__c/c271abb9-5121-8c97-48ef-7943dc30bc18"
}