[
    {
        "%vlocity_namespace%__BasePriceListId__c": "",
        "%vlocity_namespace%__DisplayText__c": "welcome10",
        "%vlocity_namespace%__EffectiveFromDate__c": "2020-01-31T18:30:00.000Z",
        "%vlocity_namespace%__EffectiveUntilDate__c": "",
        "%vlocity_namespace%__GlobalKey__c": "dff6f804-562e-a4fa-a2b8-acee3585ec40",
        "%vlocity_namespace%__IsActive__c": true,
        "%vlocity_namespace%__IsBasePrice__c": false,
        "%vlocity_namespace%__IsOverride__c": false,
        "%vlocity_namespace%__IsVirtualPrice__c": false,
        "%vlocity_namespace%__OfferId__c": "",
        "%vlocity_namespace%__PriceListId__c": {
            "%vlocity_namespace%__Code__c": "parameshPB",
            "VlocityDataPackType": "VlocityLookupMatchingKeyObject",
            "VlocityLookupRecordSourceKey": "%vlocity_namespace%__PriceList__c/parameshPB",
            "VlocityRecordSObjectType": "%vlocity_namespace%__PriceList__c"
        },
        "%vlocity_namespace%__PricingElementGlobalKey__c": "b52b18e1-fef9-5a6c-cd16-ec0dbfe9cbd6",
        "%vlocity_namespace%__PricingElementId__c": {
            "%vlocity_namespace%__GlobalKey__c": "de432298-7ab6-04c8-4f53-18f67c4b8cdc",
            "VlocityDataPackType": "VlocityLookupMatchingKeyObject",
            "VlocityLookupRecordSourceKey": "%vlocity_namespace%__PricingElement__c/de432298-7ab6-04c8-4f53-18f67c4b8cdc",
            "VlocityRecordSObjectType": "%vlocity_namespace%__PricingElement__c"
        },
        "%vlocity_namespace%__PricingMatrixBindingData__c": "",
        "%vlocity_namespace%__ProductId__c": {
            "%vlocity_namespace%__GlobalKey__c": "66e76f65-3989-963a-7f09-7ab004f4fc2a",
            "VlocityDataPackType": "VlocityLookupMatchingKeyObject",
            "VlocityLookupRecordSourceKey": "Product2/66e76f65-3989-963a-7f09-7ab004f4fc2a",
            "VlocityRecordSObjectType": "Product2"
        },
        "%vlocity_namespace%__PromotionId__c": {
            "%vlocity_namespace%__GlobalKey__c": "c271abb9-5121-8c97-48ef-7943dc30bc18",
            "VlocityDataPackType": "VlocityMatchingKeyObject",
            "VlocityMatchingRecordSourceKey": "%vlocity_namespace%__Promotion__c/c271abb9-5121-8c97-48ef-7943dc30bc18",
            "VlocityRecordSObjectType": "%vlocity_namespace%__Promotion__c"
        },
        "%vlocity_namespace%__PromotionItemId__c": {
            "%vlocity_namespace%__ProductId__r.%vlocity_namespace%__GlobalKey__c": "66e76f65-3989-963a-7f09-7ab004f4fc2a",
            "%vlocity_namespace%__PromotionId__r.%vlocity_namespace%__GlobalKey__c": "c271abb9-5121-8c97-48ef-7943dc30bc18",
            "VlocityDataPackType": "VlocityMatchingKeyObject",
            "VlocityMatchingRecordSourceKey": "%vlocity_namespace%__PromotionItem__c/%vlocity_namespace%__Promotion__c/c271abb9-5121-8c97-48ef-7943dc30bc18/Product2/66e76f65-3989-963a-7f09-7ab004f4fc2a",
            "VlocityRecordSObjectType": "%vlocity_namespace%__PromotionItem__c"
        },
        "%vlocity_namespace%__RulesDescription__c": "",
        "%vlocity_namespace%__TimePlanId__c": "",
        "%vlocity_namespace%__TimePolicyId__c": "",
        "Name": "dff6f804-562e-a4fa-a2b8-acee3585ec40",
        "VlocityDataPackType": "SObject",
        "VlocityRecordSObjectType": "%vlocity_namespace%__PriceListEntry__c",
        "VlocityRecordSourceKey": "%vlocity_namespace%__PriceListEntry__c/dff6f804-562e-a4fa-a2b8-acee3585ec40"
    }
]