[
    {
        "%vlocity_namespace%__FloorPrice__c": "",
        "%vlocity_namespace%__OverageCharge__c": "",
        "%vlocity_namespace%__OverageUOM__c": "",
        "%vlocity_namespace%__RecurringPrice__c": 0,
        "%vlocity_namespace%__RecurringUOM__c": "Monthly",
        "IsActive": true,
        "IsArchived": false,
        "Name": "1.5GB/Day Packs",
        "Pricebook2.Name": "Standard",
        "Pricebook2Id": {
            "Name": "Standard",
            "VlocityDataPackType": "VlocityLookupMatchingKeyObject",
            "VlocityLookupRecordSourceKey": "Pricebook2/Standard",
            "VlocityRecordSObjectType": "Pricebook2"
        },
        "Product2.%vlocity_namespace%__GlobalKey__c": "4db55a44-bf65-4ef2-8bea-bb050f87ccd9",
        "Product2Id": {
            "%vlocity_namespace%__GlobalKey__c": "4db55a44-bf65-4ef2-8bea-bb050f87ccd9",
            "VlocityDataPackType": "VlocityMatchingKeyObject",
            "VlocityMatchingRecordSourceKey": "Product2/4db55a44-bf65-4ef2-8bea-bb050f87ccd9",
            "VlocityRecordSObjectType": "Product2"
        },
        "ProductCode": "15GBPack",
        "UnitPrice": 0,
        "UseStandardPrice": false,
        "VlocityDataPackType": "SObject",
        "VlocityRecordSObjectType": "PricebookEntry",
        "VlocityRecordSourceKey": "PricebookEntry/Pricebook2/Standard/Product2/4db55a44-bf65-4ef2-8bea-bb050f87ccd9"
    }
]