[
    {
        "%vlocity_namespace%__FloorPrice__c": "",
        "%vlocity_namespace%__OverageCharge__c": "",
        "%vlocity_namespace%__OverageUOM__c": "",
        "%vlocity_namespace%__RecurringPrice__c": 0,
        "%vlocity_namespace%__RecurringUOM__c": "Monthly",
        "IsActive": true,
        "IsArchived": false,
        "Name": "Select your Mobile Plan",
        "Pricebook2.Name": "Standard",
        "Pricebook2Id": {
            "Name": "Standard",
            "VlocityDataPackType": "VlocityLookupMatchingKeyObject",
            "VlocityLookupRecordSourceKey": "Pricebook2/Standard",
            "VlocityRecordSObjectType": "Pricebook2"
        },
        "Product2.%vlocity_namespace%__GlobalKey__c": "8c9d8ed0-2822-a2f3-d0f6-ee80a82718c0",
        "Product2Id": {
            "%vlocity_namespace%__GlobalKey__c": "8c9d8ed0-2822-a2f3-d0f6-ee80a82718c0",
            "VlocityDataPackType": "VlocityMatchingKeyObject",
            "VlocityMatchingRecordSourceKey": "Product2/8c9d8ed0-2822-a2f3-d0f6-ee80a82718c0",
            "VlocityRecordSObjectType": "Product2"
        },
        "ProductCode": "MobilePlans",
        "UnitPrice": 0,
        "UseStandardPrice": false,
        "VlocityDataPackType": "SObject",
        "VlocityRecordSObjectType": "PricebookEntry",
        "VlocityRecordSourceKey": "PricebookEntry/Pricebook2/Standard/Product2/8c9d8ed0-2822-a2f3-d0f6-ee80a82718c0"
    }
]