[
    {
        "%vlocity_namespace%__AllowIndependentLifeCycle__c": false,
        "%vlocity_namespace%__ChildLineNumber__c": "1",
        "%vlocity_namespace%__ChildProductId__c": "",
        "%vlocity_namespace%__CollapseHierarchy__c": false,
        "%vlocity_namespace%__GlobalKey__c": "0186192e-5621-2466-5177-659c9dbfdcdb",
        "%vlocity_namespace%__IsOverride__c": false,
        "%vlocity_namespace%__IsRootProductChildItem__c": true,
        "%vlocity_namespace%__IsVirtualItem__c": false,
        "%vlocity_namespace%__MaxQuantity__c": 99999,
        "%vlocity_namespace%__MaximumChildItemQuantity__c": 99999,
        "%vlocity_namespace%__MinMaxDefaultQty__c": "0, 99999, 1",
        "%vlocity_namespace%__MinQuantity__c": 0,
        "%vlocity_namespace%__MinimumChildItemQuantity__c": 0,
        "%vlocity_namespace%__ParentProductId__c": {
            "%vlocity_namespace%__GlobalKey__c": "8c9d8ed0-2822-a2f3-d0f6-ee80a82718c0",
            "VlocityDataPackType": "VlocityMatchingKeyObject",
            "VlocityMatchingRecordSourceKey": "Product2/8c9d8ed0-2822-a2f3-d0f6-ee80a82718c0",
            "VlocityRecordSObjectType": "Product2"
        },
        "%vlocity_namespace%__Quantity__c": 1,
        "%vlocity_namespace%__RelationshipType__c": "Child",
        "%vlocity_namespace%__SelectionMethodImplementation__c": "",
        "%vlocity_namespace%__SeqNumber__c": 1,
        "Name": "Root PCI",
        "VlocityDataPackType": "SObject",
        "VlocityRecordSObjectType": "%vlocity_namespace%__ProductChildItem__c",
        "VlocityRecordSourceKey": "%vlocity_namespace%__ProductChildItem__c/0186192e-5621-2466-5177-659c9dbfdcdb"
    },
    {
        "%vlocity_namespace%__AllowIndependentLifeCycle__c": false,
        "%vlocity_namespace%__ChildLineNumber__c": "0",
        "%vlocity_namespace%__ChildProductId__c": {
            "%vlocity_namespace%__GlobalKey__c": "4ea04b54-3109-f755-a6ed-2fa98e558fcb",
            "VlocityDataPackType": "VlocityLookupMatchingKeyObject",
            "VlocityLookupRecordSourceKey": "Product2/4ea04b54-3109-f755-a6ed-2fa98e558fcb",
            "VlocityRecordSObjectType": "Product2"
        },
        "%vlocity_namespace%__CollapseHierarchy__c": false,
        "%vlocity_namespace%__GlobalKey__c": "699677aa-603f-eca7-e952-4422467b9b35",
        "%vlocity_namespace%__IsOverride__c": false,
        "%vlocity_namespace%__IsRootProductChildItem__c": false,
        "%vlocity_namespace%__IsVirtualItem__c": true,
        "%vlocity_namespace%__MaxQuantity__c": 1,
        "%vlocity_namespace%__MaximumChildItemQuantity__c": 1,
        "%vlocity_namespace%__MinMaxDefaultQty__c": "1, 1, 1",
        "%vlocity_namespace%__MinQuantity__c": 1,
        "%vlocity_namespace%__MinimumChildItemQuantity__c": 0,
        "%vlocity_namespace%__ParentProductId__c": {
            "%vlocity_namespace%__GlobalKey__c": "8c9d8ed0-2822-a2f3-d0f6-ee80a82718c0",
            "VlocityDataPackType": "VlocityMatchingKeyObject",
            "VlocityMatchingRecordSourceKey": "Product2/8c9d8ed0-2822-a2f3-d0f6-ee80a82718c0",
            "VlocityRecordSObjectType": "Product2"
        },
        "%vlocity_namespace%__Quantity__c": 1,
        "%vlocity_namespace%__RelationshipType__c": "Child",
        "%vlocity_namespace%__SelectionMethodImplementation__c": "",
        "%vlocity_namespace%__SeqNumber__c": 0,
        "Name": "699677aa-603f-eca7-e952-4422467b9b35",
        "VlocityDataPackType": "SObject",
        "VlocityRecordSObjectType": "%vlocity_namespace%__ProductChildItem__c",
        "VlocityRecordSourceKey": "%vlocity_namespace%__ProductChildItem__c/699677aa-603f-eca7-e952-4422467b9b35"
    },
    {
        "%vlocity_namespace%__AllowIndependentLifeCycle__c": false,
        "%vlocity_namespace%__ChildLineNumber__c": "1",
        "%vlocity_namespace%__ChildProductId__c": {
            "%vlocity_namespace%__GlobalKey__c": "e07fad9a-5fac-41fb-2390-9e09dd0238f6",
            "VlocityDataPackType": "VlocityLookupMatchingKeyObject",
            "VlocityLookupRecordSourceKey": "Product2/e07fad9a-5fac-41fb-2390-9e09dd0238f6",
            "VlocityRecordSObjectType": "Product2"
        },
        "%vlocity_namespace%__CollapseHierarchy__c": false,
        "%vlocity_namespace%__GlobalKey__c": "9b7052c1-1aac-400e-4b48-836ed1aed0e8",
        "%vlocity_namespace%__IsOverride__c": false,
        "%vlocity_namespace%__IsRootProductChildItem__c": false,
        "%vlocity_namespace%__IsVirtualItem__c": true,
        "%vlocity_namespace%__MaxQuantity__c": 1,
        "%vlocity_namespace%__MaximumChildItemQuantity__c": 1,
        "%vlocity_namespace%__MinMaxDefaultQty__c": "1, 1, 1",
        "%vlocity_namespace%__MinQuantity__c": 1,
        "%vlocity_namespace%__MinimumChildItemQuantity__c": 1,
        "%vlocity_namespace%__ParentProductId__c": {
            "%vlocity_namespace%__GlobalKey__c": "8c9d8ed0-2822-a2f3-d0f6-ee80a82718c0",
            "VlocityDataPackType": "VlocityMatchingKeyObject",
            "VlocityMatchingRecordSourceKey": "Product2/8c9d8ed0-2822-a2f3-d0f6-ee80a82718c0",
            "VlocityRecordSObjectType": "Product2"
        },
        "%vlocity_namespace%__Quantity__c": 1,
        "%vlocity_namespace%__RelationshipType__c": "Child",
        "%vlocity_namespace%__SelectionMethodImplementation__c": "",
        "%vlocity_namespace%__SeqNumber__c": 1,
        "Name": "9b7052c1-1aac-400e-4b48-836ed1aed0e8",
        "VlocityDataPackType": "SObject",
        "VlocityRecordSObjectType": "%vlocity_namespace%__ProductChildItem__c",
        "VlocityRecordSourceKey": "%vlocity_namespace%__ProductChildItem__c/9b7052c1-1aac-400e-4b48-836ed1aed0e8"
    }
]