{
    "%vlocity_namespace%__Description__c": "",
    "%vlocity_namespace%__EffectiveFromDate__c": "",
    "%vlocity_namespace%__EffectiveUntilDate__c": "",
    "%vlocity_namespace%__GlobalKey__c": "936c407eea170241fbaa08f9009db3be",
    "%vlocity_namespace%__IsActive__c": true,
    "%vlocity_namespace%__IsDefault__c": false,
    "%vlocity_namespace%__ObjectClassId__c": {
        "%vlocity_namespace%__GlobalKey__c": "18d330806bf900b8ec42e44b9e915891",
        "VlocityDataPackType": "VlocityLookupMatchingKeyObject",
        "VlocityLookupRecordSourceKey": "%vlocity_namespace%__ObjectClass__c/18d330806bf900b8ec42e44b9e915891",
        "VlocityRecordSObjectType": "%vlocity_namespace%__ObjectClass__c"
    },
    "%vlocity_namespace%__ObjectFacet__c": [
        {
            "%vlocity_namespace%__EffectiveFromDate__c": "",
            "%vlocity_namespace%__EffectiveUntilDate__c": "",
            "%vlocity_namespace%__FacetId__c": {
                "%vlocity_namespace%__GlobalKey__c": "5ceff4783b0f59f31b27417a7064a12c",
                "VlocityDataPackType": "VlocityLookupMatchingKeyObject",
                "VlocityLookupRecordSourceKey": "%vlocity_namespace%__UIFacet__c/5ceff4783b0f59f31b27417a7064a12c",
                "VlocityRecordSObjectType": "%vlocity_namespace%__UIFacet__c"
            },
            "%vlocity_namespace%__GlobalKey__c": "091bdf91-7598-aeb4-92c2-758b08de7675",
            "%vlocity_namespace%__IsActive__c": true,
            "%vlocity_namespace%__ObjectLayoutId__c": {
                "%vlocity_namespace%__GlobalKey__c": "936c407eea170241fbaa08f9009db3be",
                "VlocityDataPackType": "VlocityMatchingKeyObject",
                "VlocityMatchingRecordSourceKey": "%vlocity_namespace%__ObjectLayout__c/936c407eea170241fbaa08f9009db3be",
                "VlocityRecordSObjectType": "%vlocity_namespace%__ObjectLayout__c"
            },
            "%vlocity_namespace%__ObjectSection__c": [
                {
                    "%vlocity_namespace%__ColumnLayout__c": "",
                    "%vlocity_namespace%__EffectiveFromDate__c": "",
                    "%vlocity_namespace%__EffectiveUntilDate__c": "",
                    "%vlocity_namespace%__GlobalKey__c": "ecc1f0b9-87e5-d5d5-6829-72c9ef114ac6",
                    "%vlocity_namespace%__IsActive__c": true,
                    "%vlocity_namespace%__ObjectElement__c": [
                        {
                            "%vlocity_namespace%__AttributeId__c": "",
                            "%vlocity_namespace%__Column__c": "1",
                            "%vlocity_namespace%__EffectiveFromDate__c": "",
                            "%vlocity_namespace%__EffectiveUntilDate__c": "",
                            "%vlocity_namespace%__FieldApiName__c": "%vlocity_namespace%__ObjectTypeId__c",
                            "%vlocity_namespace%__GlobalKey__c": "2eec410a-ac52-f772-6014-e53366ff195e",
                            "%vlocity_namespace%__IsActive__c": true,
                            "%vlocity_namespace%__IsRequired__c": false,
                            "%vlocity_namespace%__ObjectSectionId__c": {
                                "Name": "ecc1f0b9-87e5-d5d5-6829-72c9ef114ac6",
                                "VlocityDataPackType": "VlocityMatchingKeyObject",
                                "VlocityMatchingRecordSourceKey": "%vlocity_namespace%__ObjectSection__c/ecc1f0b9-87e5-d5d5-6829-72c9ef114ac6",
                                "VlocityRecordSObjectType": "%vlocity_namespace%__ObjectSection__c"
                            },
                            "%vlocity_namespace%__Sequence__c": 10,
                            "%vlocity_namespace%__Type__c": "Field",
                            "Name": "Object Type",
                            "VlocityDataPackType": "SObject",
                            "VlocityRecordSObjectType": "%vlocity_namespace%__ObjectElement__c",
                            "VlocityRecordSourceKey": "%vlocity_namespace%__ObjectElement__c/2eec410a-ac52-f772-6014-e53366ff195e"
                        },
                        {
                            "%vlocity_namespace%__AttributeId__c": "",
                            "%vlocity_namespace%__Column__c": "1",
                            "%vlocity_namespace%__EffectiveFromDate__c": "",
                            "%vlocity_namespace%__EffectiveUntilDate__c": "",
                            "%vlocity_namespace%__FieldApiName__c": "%vlocity_namespace%__PricingVariableId__c",
                            "%vlocity_namespace%__GlobalKey__c": "3767f90b-e132-a948-39d2-0fbb99b276fa",
                            "%vlocity_namespace%__IsActive__c": true,
                            "%vlocity_namespace%__IsRequired__c": false,
                            "%vlocity_namespace%__ObjectSectionId__c": {
                                "Name": "ecc1f0b9-87e5-d5d5-6829-72c9ef114ac6",
                                "VlocityDataPackType": "VlocityMatchingKeyObject",
                                "VlocityMatchingRecordSourceKey": "%vlocity_namespace%__ObjectSection__c/ecc1f0b9-87e5-d5d5-6829-72c9ef114ac6",
                                "VlocityRecordSObjectType": "%vlocity_namespace%__ObjectSection__c"
                            },
                            "%vlocity_namespace%__Sequence__c": 20,
                            "%vlocity_namespace%__Type__c": "Field",
                            "Name": "Pricing Variable",
                            "VlocityDataPackType": "SObject",
                            "VlocityRecordSObjectType": "%vlocity_namespace%__ObjectElement__c",
                            "VlocityRecordSourceKey": "%vlocity_namespace%__ObjectElement__c/3767f90b-e132-a948-39d2-0fbb99b276fa"
                        },
                        {
                            "%vlocity_namespace%__AttributeId__c": "",
                            "%vlocity_namespace%__Column__c": "1",
                            "%vlocity_namespace%__EffectiveFromDate__c": "",
                            "%vlocity_namespace%__EffectiveUntilDate__c": "",
                            "%vlocity_namespace%__FieldApiName__c": "%vlocity_namespace%__PriceListId__c",
                            "%vlocity_namespace%__GlobalKey__c": "072bd1b3-1198-6ab7-219e-7ed842f320d1",
                            "%vlocity_namespace%__IsActive__c": true,
                            "%vlocity_namespace%__IsRequired__c": false,
                            "%vlocity_namespace%__ObjectSectionId__c": {
                                "Name": "ecc1f0b9-87e5-d5d5-6829-72c9ef114ac6",
                                "VlocityDataPackType": "VlocityMatchingKeyObject",
                                "VlocityMatchingRecordSourceKey": "%vlocity_namespace%__ObjectSection__c/ecc1f0b9-87e5-d5d5-6829-72c9ef114ac6",
                                "VlocityRecordSObjectType": "%vlocity_namespace%__ObjectSection__c"
                            },
                            "%vlocity_namespace%__Sequence__c": 30,
                            "%vlocity_namespace%__Type__c": "Field",
                            "Name": "Price List",
                            "VlocityDataPackType": "SObject",
                            "VlocityRecordSObjectType": "%vlocity_namespace%__ObjectElement__c",
                            "VlocityRecordSourceKey": "%vlocity_namespace%__ObjectElement__c/072bd1b3-1198-6ab7-219e-7ed842f320d1"
                        },
                        {
                            "%vlocity_namespace%__AttributeId__c": "",
                            "%vlocity_namespace%__Column__c": "1",
                            "%vlocity_namespace%__EffectiveFromDate__c": "",
                            "%vlocity_namespace%__EffectiveUntilDate__c": "",
                            "%vlocity_namespace%__FieldApiName__c": "%vlocity_namespace%__ProductId__c",
                            "%vlocity_namespace%__GlobalKey__c": "23dcab60-1964-4609-1d57-ef06312ab0ec",
                            "%vlocity_namespace%__IsActive__c": true,
                            "%vlocity_namespace%__IsRequired__c": false,
                            "%vlocity_namespace%__ObjectSectionId__c": {
                                "Name": "ecc1f0b9-87e5-d5d5-6829-72c9ef114ac6",
                                "VlocityDataPackType": "VlocityMatchingKeyObject",
                                "VlocityMatchingRecordSourceKey": "%vlocity_namespace%__ObjectSection__c/ecc1f0b9-87e5-d5d5-6829-72c9ef114ac6",
                                "VlocityRecordSObjectType": "%vlocity_namespace%__ObjectSection__c"
                            },
                            "%vlocity_namespace%__Sequence__c": 40,
                            "%vlocity_namespace%__Type__c": "Field",
                            "Name": "Product",
                            "VlocityDataPackType": "SObject",
                            "VlocityRecordSObjectType": "%vlocity_namespace%__ObjectElement__c",
                            "VlocityRecordSourceKey": "%vlocity_namespace%__ObjectElement__c/23dcab60-1964-4609-1d57-ef06312ab0ec"
                        },
                        {
                            "%vlocity_namespace%__AttributeId__c": "",
                            "%vlocity_namespace%__Column__c": "1",
                            "%vlocity_namespace%__EffectiveFromDate__c": "",
                            "%vlocity_namespace%__EffectiveUntilDate__c": "",
                            "%vlocity_namespace%__FieldApiName__c": "%vlocity_namespace%__Code__c",
                            "%vlocity_namespace%__GlobalKey__c": "86985d45-b286-1f9b-21f5-c6f3dfcdc0ff",
                            "%vlocity_namespace%__IsActive__c": true,
                            "%vlocity_namespace%__IsRequired__c": false,
                            "%vlocity_namespace%__ObjectSectionId__c": {
                                "Name": "ecc1f0b9-87e5-d5d5-6829-72c9ef114ac6",
                                "VlocityDataPackType": "VlocityMatchingKeyObject",
                                "VlocityMatchingRecordSourceKey": "%vlocity_namespace%__ObjectSection__c/ecc1f0b9-87e5-d5d5-6829-72c9ef114ac6",
                                "VlocityRecordSObjectType": "%vlocity_namespace%__ObjectSection__c"
                            },
                            "%vlocity_namespace%__Sequence__c": 50,
                            "%vlocity_namespace%__Type__c": "Field",
                            "Name": "Code",
                            "VlocityDataPackType": "SObject",
                            "VlocityRecordSObjectType": "%vlocity_namespace%__ObjectElement__c",
                            "VlocityRecordSourceKey": "%vlocity_namespace%__ObjectElement__c/86985d45-b286-1f9b-21f5-c6f3dfcdc0ff"
                        },
                        {
                            "%vlocity_namespace%__AttributeId__c": "",
                            "%vlocity_namespace%__Column__c": "1",
                            "%vlocity_namespace%__EffectiveFromDate__c": "",
                            "%vlocity_namespace%__EffectiveUntilDate__c": "",
                            "%vlocity_namespace%__FieldApiName__c": "%vlocity_namespace%__DisplayText__c",
                            "%vlocity_namespace%__GlobalKey__c": "4c535968-2cba-69d8-a865-4d0811ad96f4",
                            "%vlocity_namespace%__IsActive__c": true,
                            "%vlocity_namespace%__IsRequired__c": false,
                            "%vlocity_namespace%__ObjectSectionId__c": {
                                "Name": "ecc1f0b9-87e5-d5d5-6829-72c9ef114ac6",
                                "VlocityDataPackType": "VlocityMatchingKeyObject",
                                "VlocityMatchingRecordSourceKey": "%vlocity_namespace%__ObjectSection__c/ecc1f0b9-87e5-d5d5-6829-72c9ef114ac6",
                                "VlocityRecordSObjectType": "%vlocity_namespace%__ObjectSection__c"
                            },
                            "%vlocity_namespace%__Sequence__c": 60,
                            "%vlocity_namespace%__Type__c": "Field",
                            "Name": "Display Text",
                            "VlocityDataPackType": "SObject",
                            "VlocityRecordSObjectType": "%vlocity_namespace%__ObjectElement__c",
                            "VlocityRecordSourceKey": "%vlocity_namespace%__ObjectElement__c/4c535968-2cba-69d8-a865-4d0811ad96f4"
                        },
                        {
                            "%vlocity_namespace%__AttributeId__c": "",
                            "%vlocity_namespace%__Column__c": "1",
                            "%vlocity_namespace%__EffectiveFromDate__c": "",
                            "%vlocity_namespace%__EffectiveUntilDate__c": "",
                            "%vlocity_namespace%__FieldApiName__c": "%vlocity_namespace%__TimePlanId__c",
                            "%vlocity_namespace%__GlobalKey__c": "ee2c8266-bf26-a8a5-2ddb-50056f7b376d",
                            "%vlocity_namespace%__IsActive__c": true,
                            "%vlocity_namespace%__IsRequired__c": false,
                            "%vlocity_namespace%__ObjectSectionId__c": {
                                "Name": "ecc1f0b9-87e5-d5d5-6829-72c9ef114ac6",
                                "VlocityDataPackType": "VlocityMatchingKeyObject",
                                "VlocityMatchingRecordSourceKey": "%vlocity_namespace%__ObjectSection__c/ecc1f0b9-87e5-d5d5-6829-72c9ef114ac6",
                                "VlocityRecordSObjectType": "%vlocity_namespace%__ObjectSection__c"
                            },
                            "%vlocity_namespace%__Sequence__c": 70,
                            "%vlocity_namespace%__Type__c": "Field",
                            "Name": "Time Plan",
                            "VlocityDataPackType": "SObject",
                            "VlocityRecordSObjectType": "%vlocity_namespace%__ObjectElement__c",
                            "VlocityRecordSourceKey": "%vlocity_namespace%__ObjectElement__c/ee2c8266-bf26-a8a5-2ddb-50056f7b376d"
                        },
                        {
                            "%vlocity_namespace%__AttributeId__c": "",
                            "%vlocity_namespace%__Column__c": "1",
                            "%vlocity_namespace%__EffectiveFromDate__c": "",
                            "%vlocity_namespace%__EffectiveUntilDate__c": "",
                            "%vlocity_namespace%__FieldApiName__c": "%vlocity_namespace%__IsOverride__c",
                            "%vlocity_namespace%__GlobalKey__c": "4688feb8-83c7-63a2-5243-85a7df770cf0",
                            "%vlocity_namespace%__IsActive__c": true,
                            "%vlocity_namespace%__IsRequired__c": false,
                            "%vlocity_namespace%__ObjectSectionId__c": {
                                "Name": "ecc1f0b9-87e5-d5d5-6829-72c9ef114ac6",
                                "VlocityDataPackType": "VlocityMatchingKeyObject",
                                "VlocityMatchingRecordSourceKey": "%vlocity_namespace%__ObjectSection__c/ecc1f0b9-87e5-d5d5-6829-72c9ef114ac6",
                                "VlocityRecordSObjectType": "%vlocity_namespace%__ObjectSection__c"
                            },
                            "%vlocity_namespace%__Sequence__c": 80,
                            "%vlocity_namespace%__Type__c": "Field",
                            "Name": "Override",
                            "VlocityDataPackType": "SObject",
                            "VlocityRecordSObjectType": "%vlocity_namespace%__ObjectElement__c",
                            "VlocityRecordSourceKey": "%vlocity_namespace%__ObjectElement__c/4688feb8-83c7-63a2-5243-85a7df770cf0"
                        },
                        {
                            "%vlocity_namespace%__AttributeId__c": "",
                            "%vlocity_namespace%__Column__c": "1",
                            "%vlocity_namespace%__EffectiveFromDate__c": "",
                            "%vlocity_namespace%__EffectiveUntilDate__c": "",
                            "%vlocity_namespace%__FieldApiName__c": "%vlocity_namespace%__RuleInfo__c",
                            "%vlocity_namespace%__GlobalKey__c": "bce5ed02-cc92-f976-7cff-fa55d1b913c7",
                            "%vlocity_namespace%__IsActive__c": true,
                            "%vlocity_namespace%__IsRequired__c": false,
                            "%vlocity_namespace%__ObjectSectionId__c": {
                                "Name": "ecc1f0b9-87e5-d5d5-6829-72c9ef114ac6",
                                "VlocityDataPackType": "VlocityMatchingKeyObject",
                                "VlocityMatchingRecordSourceKey": "%vlocity_namespace%__ObjectSection__c/ecc1f0b9-87e5-d5d5-6829-72c9ef114ac6",
                                "VlocityRecordSObjectType": "%vlocity_namespace%__ObjectSection__c"
                            },
                            "%vlocity_namespace%__Sequence__c": 90,
                            "%vlocity_namespace%__Type__c": "Field",
                            "Name": "Rule Info",
                            "VlocityDataPackType": "SObject",
                            "VlocityRecordSObjectType": "%vlocity_namespace%__ObjectElement__c",
                            "VlocityRecordSourceKey": "%vlocity_namespace%__ObjectElement__c/bce5ed02-cc92-f976-7cff-fa55d1b913c7"
                        },
                        {
                            "%vlocity_namespace%__AttributeId__c": "",
                            "%vlocity_namespace%__Column__c": "1",
                            "%vlocity_namespace%__EffectiveFromDate__c": "",
                            "%vlocity_namespace%__EffectiveUntilDate__c": "",
                            "%vlocity_namespace%__FieldApiName__c": "%vlocity_namespace%__CalculationType__c",
                            "%vlocity_namespace%__GlobalKey__c": "a8115279-a27d-a87b-d4d8-de685f89ae3c",
                            "%vlocity_namespace%__IsActive__c": true,
                            "%vlocity_namespace%__IsRequired__c": false,
                            "%vlocity_namespace%__ObjectSectionId__c": {
                                "Name": "ecc1f0b9-87e5-d5d5-6829-72c9ef114ac6",
                                "VlocityDataPackType": "VlocityMatchingKeyObject",
                                "VlocityMatchingRecordSourceKey": "%vlocity_namespace%__ObjectSection__c/ecc1f0b9-87e5-d5d5-6829-72c9ef114ac6",
                                "VlocityRecordSObjectType": "%vlocity_namespace%__ObjectSection__c"
                            },
                            "%vlocity_namespace%__Sequence__c": 100,
                            "%vlocity_namespace%__Type__c": "Field",
                            "Name": "Calculation Type",
                            "VlocityDataPackType": "SObject",
                            "VlocityRecordSObjectType": "%vlocity_namespace%__ObjectElement__c",
                            "VlocityRecordSourceKey": "%vlocity_namespace%__ObjectElement__c/a8115279-a27d-a87b-d4d8-de685f89ae3c"
                        }
                    ],
                    "%vlocity_namespace%__ObjectFacetId__c": {
                        "Name": "091bdf91-7598-aeb4-92c2-758b08de7675",
                        "VlocityDataPackType": "VlocityMatchingKeyObject",
                        "VlocityMatchingRecordSourceKey": "%vlocity_namespace%__ObjectFacet__c/091bdf91-7598-aeb4-92c2-758b08de7675",
                        "VlocityRecordSObjectType": "%vlocity_namespace%__ObjectFacet__c"
                    },
                    "%vlocity_namespace%__SectionId__c": {
                        "%vlocity_namespace%__GlobalKey__c": "5ceff4783b0f59f31b27417a7064a12c",
                        "VlocityDataPackType": "VlocityLookupMatchingKeyObject",
                        "VlocityLookupRecordSourceKey": "%vlocity_namespace%__UISection__c/5ceff4783b0f59f31b27417a7064a12c",
                        "VlocityRecordSObjectType": "%vlocity_namespace%__UISection__c"
                    },
                    "%vlocity_namespace%__Sequence__c": 10,
                    "%vlocity_namespace%__TabKeyOrder__c": "",
                    "%vlocity_namespace%__ViewType__c": "Field Layout",
                    "%vlocity_namespace%__ViewUri__c": "",
                    "Name": "ecc1f0b9-87e5-d5d5-6829-72c9ef114ac6",
                    "VlocityDataPackType": "SObject",
                    "VlocityRecordSObjectType": "%vlocity_namespace%__ObjectSection__c",
                    "VlocityRecordSourceKey": "%vlocity_namespace%__ObjectSection__c/ecc1f0b9-87e5-d5d5-6829-72c9ef114ac6"
                },
                {
                    "%vlocity_namespace%__ColumnLayout__c": "",
                    "%vlocity_namespace%__EffectiveFromDate__c": "",
                    "%vlocity_namespace%__EffectiveUntilDate__c": "",
                    "%vlocity_namespace%__GlobalKey__c": "1a779e34-bd22-4ba9-70a2-43c4d0d7234b",
                    "%vlocity_namespace%__IsActive__c": true,
                    "%vlocity_namespace%__ObjectElement__c": [
                        {
                            "%vlocity_namespace%__AttributeId__c": "",
                            "%vlocity_namespace%__Column__c": "1",
                            "%vlocity_namespace%__EffectiveFromDate__c": "",
                            "%vlocity_namespace%__EffectiveUntilDate__c": "",
                            "%vlocity_namespace%__FieldApiName__c": "%vlocity_namespace%__Amount__c",
                            "%vlocity_namespace%__GlobalKey__c": "a9faba04-9787-12b4-46ad-3c3beccd91a3",
                            "%vlocity_namespace%__IsActive__c": true,
                            "%vlocity_namespace%__IsRequired__c": false,
                            "%vlocity_namespace%__ObjectSectionId__c": {
                                "Name": "1a779e34-bd22-4ba9-70a2-43c4d0d7234b",
                                "VlocityDataPackType": "VlocityMatchingKeyObject",
                                "VlocityMatchingRecordSourceKey": "%vlocity_namespace%__ObjectSection__c/1a779e34-bd22-4ba9-70a2-43c4d0d7234b",
                                "VlocityRecordSObjectType": "%vlocity_namespace%__ObjectSection__c"
                            },
                            "%vlocity_namespace%__Sequence__c": 10,
                            "%vlocity_namespace%__Type__c": "Field",
                            "Name": "Amount",
                            "VlocityDataPackType": "SObject",
                            "VlocityRecordSObjectType": "%vlocity_namespace%__ObjectElement__c",
                            "VlocityRecordSourceKey": "%vlocity_namespace%__ObjectElement__c/a9faba04-9787-12b4-46ad-3c3beccd91a3"
                        }
                    ],
                    "%vlocity_namespace%__ObjectFacetId__c": {
                        "Name": "091bdf91-7598-aeb4-92c2-758b08de7675",
                        "VlocityDataPackType": "VlocityMatchingKeyObject",
                        "VlocityMatchingRecordSourceKey": "%vlocity_namespace%__ObjectFacet__c/091bdf91-7598-aeb4-92c2-758b08de7675",
                        "VlocityRecordSObjectType": "%vlocity_namespace%__ObjectFacet__c"
                    },
                    "%vlocity_namespace%__SectionId__c": {
                        "%vlocity_namespace%__GlobalKey__c": "70bedac4d87962a1252e43f4fc0e2ebf",
                        "VlocityDataPackType": "VlocityLookupMatchingKeyObject",
                        "VlocityLookupRecordSourceKey": "%vlocity_namespace%__UISection__c/70bedac4d87962a1252e43f4fc0e2ebf",
                        "VlocityRecordSObjectType": "%vlocity_namespace%__UISection__c"
                    },
                    "%vlocity_namespace%__Sequence__c": 20,
                    "%vlocity_namespace%__TabKeyOrder__c": "",
                    "%vlocity_namespace%__ViewType__c": "Field Layout",
                    "%vlocity_namespace%__ViewUri__c": "",
                    "Name": "1a779e34-bd22-4ba9-70a2-43c4d0d7234b",
                    "VlocityDataPackType": "SObject",
                    "VlocityRecordSObjectType": "%vlocity_namespace%__ObjectSection__c",
                    "VlocityRecordSourceKey": "%vlocity_namespace%__ObjectSection__c/1a779e34-bd22-4ba9-70a2-43c4d0d7234b"
                },
                {
                    "%vlocity_namespace%__ColumnLayout__c": "",
                    "%vlocity_namespace%__EffectiveFromDate__c": "",
                    "%vlocity_namespace%__EffectiveUntilDate__c": "",
                    "%vlocity_namespace%__GlobalKey__c": "914ff727-2f86-e101-1b3a-03b53d46e4c5",
                    "%vlocity_namespace%__IsActive__c": true,
                    "%vlocity_namespace%__ObjectElement__c": [
                        {
                            "%vlocity_namespace%__AttributeId__c": "",
                            "%vlocity_namespace%__Column__c": "1",
                            "%vlocity_namespace%__EffectiveFromDate__c": "",
                            "%vlocity_namespace%__EffectiveUntilDate__c": "",
                            "%vlocity_namespace%__FieldApiName__c": "%vlocity_namespace%__CalculationMatrixId__c",
                            "%vlocity_namespace%__GlobalKey__c": "70b2bd71-5c68-8106-191d-d70ac67ff69c",
                            "%vlocity_namespace%__IsActive__c": true,
                            "%vlocity_namespace%__IsRequired__c": false,
                            "%vlocity_namespace%__ObjectSectionId__c": {
                                "Name": "914ff727-2f86-e101-1b3a-03b53d46e4c5",
                                "VlocityDataPackType": "VlocityMatchingKeyObject",
                                "VlocityMatchingRecordSourceKey": "%vlocity_namespace%__ObjectSection__c/914ff727-2f86-e101-1b3a-03b53d46e4c5",
                                "VlocityRecordSObjectType": "%vlocity_namespace%__ObjectSection__c"
                            },
                            "%vlocity_namespace%__Sequence__c": 10,
                            "%vlocity_namespace%__Type__c": "Field",
                            "Name": "Calculation Matrix",
                            "VlocityDataPackType": "SObject",
                            "VlocityRecordSObjectType": "%vlocity_namespace%__ObjectElement__c",
                            "VlocityRecordSourceKey": "%vlocity_namespace%__ObjectElement__c/70b2bd71-5c68-8106-191d-d70ac67ff69c"
                        },
                        {
                            "%vlocity_namespace%__AttributeId__c": "",
                            "%vlocity_namespace%__Column__c": "1",
                            "%vlocity_namespace%__EffectiveFromDate__c": "",
                            "%vlocity_namespace%__EffectiveUntilDate__c": "",
                            "%vlocity_namespace%__FieldApiName__c": "%vlocity_namespace%__MatrixBinding__c",
                            "%vlocity_namespace%__GlobalKey__c": "8bf061d6-4d30-7000-80a0-0d5852f5f627",
                            "%vlocity_namespace%__IsActive__c": true,
                            "%vlocity_namespace%__IsRequired__c": false,
                            "%vlocity_namespace%__ObjectSectionId__c": {
                                "Name": "914ff727-2f86-e101-1b3a-03b53d46e4c5",
                                "VlocityDataPackType": "VlocityMatchingKeyObject",
                                "VlocityMatchingRecordSourceKey": "%vlocity_namespace%__ObjectSection__c/914ff727-2f86-e101-1b3a-03b53d46e4c5",
                                "VlocityRecordSObjectType": "%vlocity_namespace%__ObjectSection__c"
                            },
                            "%vlocity_namespace%__Sequence__c": 20,
                            "%vlocity_namespace%__Type__c": "Field",
                            "Name": "Matrix Binding",
                            "VlocityDataPackType": "SObject",
                            "VlocityRecordSObjectType": "%vlocity_namespace%__ObjectElement__c",
                            "VlocityRecordSourceKey": "%vlocity_namespace%__ObjectElement__c/8bf061d6-4d30-7000-80a0-0d5852f5f627"
                        }
                    ],
                    "%vlocity_namespace%__ObjectFacetId__c": {
                        "Name": "091bdf91-7598-aeb4-92c2-758b08de7675",
                        "VlocityDataPackType": "VlocityMatchingKeyObject",
                        "VlocityMatchingRecordSourceKey": "%vlocity_namespace%__ObjectFacet__c/091bdf91-7598-aeb4-92c2-758b08de7675",
                        "VlocityRecordSObjectType": "%vlocity_namespace%__ObjectFacet__c"
                    },
                    "%vlocity_namespace%__SectionId__c": {
                        "%vlocity_namespace%__GlobalKey__c": "ae798375fe68f9689f592b56ce26fa5f",
                        "VlocityDataPackType": "VlocityLookupMatchingKeyObject",
                        "VlocityLookupRecordSourceKey": "%vlocity_namespace%__UISection__c/ae798375fe68f9689f592b56ce26fa5f",
                        "VlocityRecordSObjectType": "%vlocity_namespace%__UISection__c"
                    },
                    "%vlocity_namespace%__Sequence__c": 40,
                    "%vlocity_namespace%__TabKeyOrder__c": "",
                    "%vlocity_namespace%__ViewType__c": "Field Layout",
                    "%vlocity_namespace%__ViewUri__c": "",
                    "Name": "914ff727-2f86-e101-1b3a-03b53d46e4c5",
                    "VlocityDataPackType": "SObject",
                    "VlocityRecordSObjectType": "%vlocity_namespace%__ObjectSection__c",
                    "VlocityRecordSourceKey": "%vlocity_namespace%__ObjectSection__c/914ff727-2f86-e101-1b3a-03b53d46e4c5"
                },
                {
                    "%vlocity_namespace%__ColumnLayout__c": "",
                    "%vlocity_namespace%__EffectiveFromDate__c": "",
                    "%vlocity_namespace%__EffectiveUntilDate__c": "",
                    "%vlocity_namespace%__GlobalKey__c": "537102b2-651c-e8c6-b3e1-e255988bdcc3",
                    "%vlocity_namespace%__IsActive__c": true,
                    "%vlocity_namespace%__ObjectElement__c": [
                        {
                            "%vlocity_namespace%__AttributeId__c": "",
                            "%vlocity_namespace%__Column__c": "1",
                            "%vlocity_namespace%__EffectiveFromDate__c": "",
                            "%vlocity_namespace%__EffectiveUntilDate__c": "",
                            "%vlocity_namespace%__FieldApiName__c": "%vlocity_namespace%__OfferId__c",
                            "%vlocity_namespace%__GlobalKey__c": "bbcf1233-f5c2-a647-621b-5a1e47afc5ba",
                            "%vlocity_namespace%__IsActive__c": true,
                            "%vlocity_namespace%__IsRequired__c": false,
                            "%vlocity_namespace%__ObjectSectionId__c": {
                                "Name": "537102b2-651c-e8c6-b3e1-e255988bdcc3",
                                "VlocityDataPackType": "VlocityMatchingKeyObject",
                                "VlocityMatchingRecordSourceKey": "%vlocity_namespace%__ObjectSection__c/537102b2-651c-e8c6-b3e1-e255988bdcc3",
                                "VlocityRecordSObjectType": "%vlocity_namespace%__ObjectSection__c"
                            },
                            "%vlocity_namespace%__Sequence__c": 10,
                            "%vlocity_namespace%__Type__c": "Field",
                            "Name": "Offer",
                            "VlocityDataPackType": "SObject",
                            "VlocityRecordSObjectType": "%vlocity_namespace%__ObjectElement__c",
                            "VlocityRecordSourceKey": "%vlocity_namespace%__ObjectElement__c/bbcf1233-f5c2-a647-621b-5a1e47afc5ba"
                        },
                        {
                            "%vlocity_namespace%__AttributeId__c": "",
                            "%vlocity_namespace%__Column__c": "1",
                            "%vlocity_namespace%__EffectiveFromDate__c": "",
                            "%vlocity_namespace%__EffectiveUntilDate__c": "",
                            "%vlocity_namespace%__FieldApiName__c": "%vlocity_namespace%__PromotionId__c",
                            "%vlocity_namespace%__GlobalKey__c": "ab1ba8bf-90bc-454d-5b7c-fac8a728df78",
                            "%vlocity_namespace%__IsActive__c": true,
                            "%vlocity_namespace%__IsRequired__c": false,
                            "%vlocity_namespace%__ObjectSectionId__c": {
                                "Name": "537102b2-651c-e8c6-b3e1-e255988bdcc3",
                                "VlocityDataPackType": "VlocityMatchingKeyObject",
                                "VlocityMatchingRecordSourceKey": "%vlocity_namespace%__ObjectSection__c/537102b2-651c-e8c6-b3e1-e255988bdcc3",
                                "VlocityRecordSObjectType": "%vlocity_namespace%__ObjectSection__c"
                            },
                            "%vlocity_namespace%__Sequence__c": 20,
                            "%vlocity_namespace%__Type__c": "Field",
                            "Name": "Promotion",
                            "VlocityDataPackType": "SObject",
                            "VlocityRecordSObjectType": "%vlocity_namespace%__ObjectElement__c",
                            "VlocityRecordSourceKey": "%vlocity_namespace%__ObjectElement__c/ab1ba8bf-90bc-454d-5b7c-fac8a728df78"
                        }
                    ],
                    "%vlocity_namespace%__ObjectFacetId__c": {
                        "Name": "091bdf91-7598-aeb4-92c2-758b08de7675",
                        "VlocityDataPackType": "VlocityMatchingKeyObject",
                        "VlocityMatchingRecordSourceKey": "%vlocity_namespace%__ObjectFacet__c/091bdf91-7598-aeb4-92c2-758b08de7675",
                        "VlocityRecordSObjectType": "%vlocity_namespace%__ObjectFacet__c"
                    },
                    "%vlocity_namespace%__SectionId__c": {
                        "%vlocity_namespace%__GlobalKey__c": "ad4e206408c1c59bfb8a057ba7857446",
                        "VlocityDataPackType": "VlocityLookupMatchingKeyObject",
                        "VlocityLookupRecordSourceKey": "%vlocity_namespace%__UISection__c/ad4e206408c1c59bfb8a057ba7857446",
                        "VlocityRecordSObjectType": "%vlocity_namespace%__UISection__c"
                    },
                    "%vlocity_namespace%__Sequence__c": 50,
                    "%vlocity_namespace%__TabKeyOrder__c": "",
                    "%vlocity_namespace%__ViewType__c": "Field Layout",
                    "%vlocity_namespace%__ViewUri__c": "",
                    "Name": "537102b2-651c-e8c6-b3e1-e255988bdcc3",
                    "VlocityDataPackType": "SObject",
                    "VlocityRecordSObjectType": "%vlocity_namespace%__ObjectSection__c",
                    "VlocityRecordSourceKey": "%vlocity_namespace%__ObjectSection__c/537102b2-651c-e8c6-b3e1-e255988bdcc3"
                },
                {
                    "%vlocity_namespace%__ColumnLayout__c": "",
                    "%vlocity_namespace%__EffectiveFromDate__c": "",
                    "%vlocity_namespace%__EffectiveUntilDate__c": "",
                    "%vlocity_namespace%__GlobalKey__c": "72683202-8e86-817d-108f-a1a434a5322c",
                    "%vlocity_namespace%__IsActive__c": true,
                    "%vlocity_namespace%__ObjectElement__c": [
                        {
                            "%vlocity_namespace%__AttributeId__c": "",
                            "%vlocity_namespace%__Column__c": "1",
                            "%vlocity_namespace%__EffectiveFromDate__c": "",
                            "%vlocity_namespace%__EffectiveUntilDate__c": "",
                            "%vlocity_namespace%__FieldApiName__c": "%vlocity_namespace%__IsActive__c",
                            "%vlocity_namespace%__GlobalKey__c": "19c6c218-1672-d182-b49a-985f886ee71b",
                            "%vlocity_namespace%__IsActive__c": true,
                            "%vlocity_namespace%__IsRequired__c": false,
                            "%vlocity_namespace%__ObjectSectionId__c": {
                                "Name": "72683202-8e86-817d-108f-a1a434a5322c",
                                "VlocityDataPackType": "VlocityMatchingKeyObject",
                                "VlocityMatchingRecordSourceKey": "%vlocity_namespace%__ObjectSection__c/72683202-8e86-817d-108f-a1a434a5322c",
                                "VlocityRecordSObjectType": "%vlocity_namespace%__ObjectSection__c"
                            },
                            "%vlocity_namespace%__Sequence__c": 10,
                            "%vlocity_namespace%__Type__c": "Field",
                            "Name": "Active",
                            "VlocityDataPackType": "SObject",
                            "VlocityRecordSObjectType": "%vlocity_namespace%__ObjectElement__c",
                            "VlocityRecordSourceKey": "%vlocity_namespace%__ObjectElement__c/19c6c218-1672-d182-b49a-985f886ee71b"
                        },
                        {
                            "%vlocity_namespace%__AttributeId__c": "",
                            "%vlocity_namespace%__Column__c": "1",
                            "%vlocity_namespace%__EffectiveFromDate__c": "",
                            "%vlocity_namespace%__EffectiveUntilDate__c": "",
                            "%vlocity_namespace%__FieldApiName__c": "%vlocity_namespace%__EffectiveFromDate__c",
                            "%vlocity_namespace%__GlobalKey__c": "966d9884-c1d8-a888-e952-43c62759f267",
                            "%vlocity_namespace%__IsActive__c": true,
                            "%vlocity_namespace%__IsRequired__c": false,
                            "%vlocity_namespace%__ObjectSectionId__c": {
                                "Name": "72683202-8e86-817d-108f-a1a434a5322c",
                                "VlocityDataPackType": "VlocityMatchingKeyObject",
                                "VlocityMatchingRecordSourceKey": "%vlocity_namespace%__ObjectSection__c/72683202-8e86-817d-108f-a1a434a5322c",
                                "VlocityRecordSObjectType": "%vlocity_namespace%__ObjectSection__c"
                            },
                            "%vlocity_namespace%__Sequence__c": 20,
                            "%vlocity_namespace%__Type__c": "Field",
                            "Name": "Effective From",
                            "VlocityDataPackType": "SObject",
                            "VlocityRecordSObjectType": "%vlocity_namespace%__ObjectElement__c",
                            "VlocityRecordSourceKey": "%vlocity_namespace%__ObjectElement__c/966d9884-c1d8-a888-e952-43c62759f267"
                        },
                        {
                            "%vlocity_namespace%__AttributeId__c": "",
                            "%vlocity_namespace%__Column__c": "1",
                            "%vlocity_namespace%__EffectiveFromDate__c": "",
                            "%vlocity_namespace%__EffectiveUntilDate__c": "",
                            "%vlocity_namespace%__FieldApiName__c": "%vlocity_namespace%__EffectiveUntilDate__c",
                            "%vlocity_namespace%__GlobalKey__c": "6bff9801-9d1c-942d-6574-e19110aaa0e1",
                            "%vlocity_namespace%__IsActive__c": true,
                            "%vlocity_namespace%__IsRequired__c": false,
                            "%vlocity_namespace%__ObjectSectionId__c": {
                                "Name": "72683202-8e86-817d-108f-a1a434a5322c",
                                "VlocityDataPackType": "VlocityMatchingKeyObject",
                                "VlocityMatchingRecordSourceKey": "%vlocity_namespace%__ObjectSection__c/72683202-8e86-817d-108f-a1a434a5322c",
                                "VlocityRecordSObjectType": "%vlocity_namespace%__ObjectSection__c"
                            },
                            "%vlocity_namespace%__Sequence__c": 30,
                            "%vlocity_namespace%__Type__c": "Field",
                            "Name": "Effective Until",
                            "VlocityDataPackType": "SObject",
                            "VlocityRecordSObjectType": "%vlocity_namespace%__ObjectElement__c",
                            "VlocityRecordSourceKey": "%vlocity_namespace%__ObjectElement__c/6bff9801-9d1c-942d-6574-e19110aaa0e1"
                        }
                    ],
                    "%vlocity_namespace%__ObjectFacetId__c": {
                        "Name": "091bdf91-7598-aeb4-92c2-758b08de7675",
                        "VlocityDataPackType": "VlocityMatchingKeyObject",
                        "VlocityMatchingRecordSourceKey": "%vlocity_namespace%__ObjectFacet__c/091bdf91-7598-aeb4-92c2-758b08de7675",
                        "VlocityRecordSObjectType": "%vlocity_namespace%__ObjectFacet__c"
                    },
                    "%vlocity_namespace%__SectionId__c": {
                        "%vlocity_namespace%__GlobalKey__c": "07fb6c10c8822dcf5708e0b13836de9d",
                        "VlocityDataPackType": "VlocityLookupMatchingKeyObject",
                        "VlocityLookupRecordSourceKey": "%vlocity_namespace%__UISection__c/07fb6c10c8822dcf5708e0b13836de9d",
                        "VlocityRecordSObjectType": "%vlocity_namespace%__UISection__c"
                    },
                    "%vlocity_namespace%__Sequence__c": 60,
                    "%vlocity_namespace%__TabKeyOrder__c": "",
                    "%vlocity_namespace%__ViewType__c": "Field Layout",
                    "%vlocity_namespace%__ViewUri__c": "",
                    "Name": "72683202-8e86-817d-108f-a1a434a5322c",
                    "VlocityDataPackType": "SObject",
                    "VlocityRecordSObjectType": "%vlocity_namespace%__ObjectSection__c",
                    "VlocityRecordSourceKey": "%vlocity_namespace%__ObjectSection__c/72683202-8e86-817d-108f-a1a434a5322c"
                }
            ],
            "%vlocity_namespace%__Sequence__c": 10,
            "Name": "091bdf91-7598-aeb4-92c2-758b08de7675",
            "VlocityDataPackType": "SObject",
            "VlocityRecordSObjectType": "%vlocity_namespace%__ObjectFacet__c",
            "VlocityRecordSourceKey": "%vlocity_namespace%__ObjectFacet__c/091bdf91-7598-aeb4-92c2-758b08de7675"
        }
    ],
    "%vlocity_namespace%__SubclassId__c": {
        "%vlocity_namespace%__GlobalKey__c": "517349a3cdc1acf50617693e3ba33988",
        "VlocityDataPackType": "VlocityLookupMatchingKeyObject",
        "VlocityLookupRecordSourceKey": "%vlocity_namespace%__ObjectClass__c/517349a3cdc1acf50617693e3ba33988",
        "VlocityRecordSObjectType": "%vlocity_namespace%__ObjectClass__c"
    },
    "Name": "ChargeLayout",
    "VlocityDataPackType": "SObject",
    "VlocityRecordSObjectType": "%vlocity_namespace%__ObjectLayout__c",
    "VlocityRecordSourceKey": "%vlocity_namespace%__ObjectLayout__c/936c407eea170241fbaa08f9009db3be"
}