[
    {
        "%vlocity_namespace%__Abbreviation__c": "Black",
        "%vlocity_namespace%__BooleanValue__c": false,
        "%vlocity_namespace%__Code__c": "Black",
        "%vlocity_namespace%__DateTimeValue__c": "",
        "%vlocity_namespace%__DateValue__c": "",
        "%vlocity_namespace%__EffectiveFromDate__c": "",
        "%vlocity_namespace%__EffectiveUntilDate__c": "",
        "%vlocity_namespace%__GlobalKey__c": "8371e31c-76d6-d290-c11c-5a93272806db",
        "%vlocity_namespace%__IsActive__c": true,
        "%vlocity_namespace%__IsDefault__c": false,
        "%vlocity_namespace%__NumberValue__c": "",
        "%vlocity_namespace%__PicklistId__c": {
            "%vlocity_namespace%__GlobalKey__c": "98f6977a-9020-c320-ee30-3f55bdfa4837",
            "VlocityDataPackType": "VlocityMatchingKeyObject",
            "VlocityMatchingRecordSourceKey": "%vlocity_namespace%__Picklist__c/98f6977a-9020-c320-ee30-3f55bdfa4837",
            "VlocityRecordSObjectType": "%vlocity_namespace%__Picklist__c"
        },
        "%vlocity_namespace%__Sequence__c": 2,
        "%vlocity_namespace%__TextValue__c": "Black",
        "%vlocity_namespace%__UnitOfMeasureName__c": "",
        "%vlocity_namespace%__Value__c": "Black",
        "Name": "Black",
        "VlocityDataPackType": "SObject",
        "VlocityRecordSObjectType": "%vlocity_namespace%__PicklistValue__c",
        "VlocityRecordSourceKey": "%vlocity_namespace%__PicklistValue__c/8371e31c-76d6-d290-c11c-5a93272806db"
    },
    {
        "%vlocity_namespace%__Abbreviation__c": "Gold",
        "%vlocity_namespace%__BooleanValue__c": false,
        "%vlocity_namespace%__Code__c": "Gold",
        "%vlocity_namespace%__DateTimeValue__c": "",
        "%vlocity_namespace%__DateValue__c": "",
        "%vlocity_namespace%__EffectiveFromDate__c": "",
        "%vlocity_namespace%__EffectiveUntilDate__c": "",
        "%vlocity_namespace%__GlobalKey__c": "6c3b8c97-a071-d188-710e-2a847ec01cc6",
        "%vlocity_namespace%__IsActive__c": true,
        "%vlocity_namespace%__IsDefault__c": false,
        "%vlocity_namespace%__NumberValue__c": "",
        "%vlocity_namespace%__PicklistId__c": {
            "%vlocity_namespace%__GlobalKey__c": "98f6977a-9020-c320-ee30-3f55bdfa4837",
            "VlocityDataPackType": "VlocityMatchingKeyObject",
            "VlocityMatchingRecordSourceKey": "%vlocity_namespace%__Picklist__c/98f6977a-9020-c320-ee30-3f55bdfa4837",
            "VlocityRecordSObjectType": "%vlocity_namespace%__Picklist__c"
        },
        "%vlocity_namespace%__Sequence__c": 3,
        "%vlocity_namespace%__TextValue__c": "Gold",
        "%vlocity_namespace%__UnitOfMeasureName__c": "",
        "%vlocity_namespace%__Value__c": "Gold",
        "Name": "Gold",
        "VlocityDataPackType": "SObject",
        "VlocityRecordSObjectType": "%vlocity_namespace%__PicklistValue__c",
        "VlocityRecordSourceKey": "%vlocity_namespace%__PicklistValue__c/6c3b8c97-a071-d188-710e-2a847ec01cc6"
    },
    {
        "%vlocity_namespace%__Abbreviation__c": "White",
        "%vlocity_namespace%__BooleanValue__c": false,
        "%vlocity_namespace%__Code__c": "White",
        "%vlocity_namespace%__DateTimeValue__c": "",
        "%vlocity_namespace%__DateValue__c": "",
        "%vlocity_namespace%__EffectiveFromDate__c": "",
        "%vlocity_namespace%__EffectiveUntilDate__c": "",
        "%vlocity_namespace%__GlobalKey__c": "ab16d80c-e54c-cf61-8c87-07a02da65977",
        "%vlocity_namespace%__IsActive__c": true,
        "%vlocity_namespace%__IsDefault__c": false,
        "%vlocity_namespace%__NumberValue__c": "",
        "%vlocity_namespace%__PicklistId__c": {
            "%vlocity_namespace%__GlobalKey__c": "98f6977a-9020-c320-ee30-3f55bdfa4837",
            "VlocityDataPackType": "VlocityMatchingKeyObject",
            "VlocityMatchingRecordSourceKey": "%vlocity_namespace%__Picklist__c/98f6977a-9020-c320-ee30-3f55bdfa4837",
            "VlocityRecordSObjectType": "%vlocity_namespace%__Picklist__c"
        },
        "%vlocity_namespace%__Sequence__c": 1,
        "%vlocity_namespace%__TextValue__c": "White",
        "%vlocity_namespace%__UnitOfMeasureName__c": "",
        "%vlocity_namespace%__Value__c": "White",
        "Name": "White",
        "VlocityDataPackType": "SObject",
        "VlocityRecordSObjectType": "%vlocity_namespace%__PicklistValue__c",
        "VlocityRecordSourceKey": "%vlocity_namespace%__PicklistValue__c/ab16d80c-e54c-cf61-8c87-07a02da65977"
    }
]