{
    "%vlocity_namespace%__Code__c": "Color",
    "%vlocity_namespace%__DataType__c": "Text",
    "%vlocity_namespace%__Description__c": "Color",
    "%vlocity_namespace%__EffectiveFromDate__c": "",
    "%vlocity_namespace%__EffectiveUntilDate__c": "",
    "%vlocity_namespace%__GlobalGroupKey__c": "",
    "%vlocity_namespace%__GlobalKey__c": "98f6977a-9020-c320-ee30-3f55bdfa4837",
    "%vlocity_namespace%__IsActive__c": true,
    "%vlocity_namespace%__IsShared__c": false,
    "%vlocity_namespace%__LifecycleStatus__c": "",
    "%vlocity_namespace%__PicklistValue__c": "Color_Values.json",
    "%vlocity_namespace%__Type__c": "",
    "%vlocity_namespace%__UnitOfMeasureName__c": "",
    "%vlocity_namespace%__VersionEndDateTime__c": "",
    "%vlocity_namespace%__VersionGlobalKey__c": "",
    "%vlocity_namespace%__VersionGroupKey__c": "",
    "%vlocity_namespace%__VersionLabel__c": "",
    "%vlocity_namespace%__VersionStartDateTime__c": "",
    "Name": "Color",
    "VlocityDataPackType": "SObject",
    "VlocityRecordSObjectType": "%vlocity_namespace%__Picklist__c",
    "VlocityRecordSourceKey": "%vlocity_namespace%__Picklist__c/98f6977a-9020-c320-ee30-3f55bdfa4837"
}