{
  "entrypoint": "index.html",
  "shell": "src/components/my-app.js",
  "sources": [
    "images/**/*",
    "styles/*"
  ],
  "extraDependencies": [
    "manifest.json",
    "node_modules/@webcomponents/webcomponentsjs/**",
    "node_modules/@vlocity-cme-sdk/digitalcommerce-sdk/**/*.js",
    "node_modules/@vlocity-cme-sdk/translation-sdk/**/*.js",
    "node_modules/@vlocity-cme-sdk/account-sdk/**/*.js",
    "node_modules/@polymer/**",
    "push-manifest.json",
    "oauthcallback.html",
    "force.js"
  ],
  "builds": [
    {
      "name": "es5-bundled",
      "js": {
        "compile": "es5",
        "minify": false,
        "transformModulesToAmd": true
      },
      "css": {
        "minify": true
      },
      "html": {
        "minify": true
      },
      "bundle": true,
        "addServiceWorker": true
      }
  ],
  "moduleResolution": "node",
  "npm": true
}
