[
    {
        "%vlocity_namespace%__DestinationFieldApiName__c": "%vlocity_namespace%__RecurringCharge__c",
        "%vlocity_namespace%__DestinationSObjectType__c": "Asset",
        "%vlocity_namespace%__PricingVariableId__c": {
            "%vlocity_namespace%__Code__c": "REC_MNTH_STD_PRC",
            "VlocityDataPackType": "VlocityMatchingKeyObject",
            "VlocityMatchingRecordSourceKey": "%vlocity_namespace%__PricingVariable__c/REC_MNTH_STD_PRC",
            "VlocityRecordSObjectType": "%vlocity_namespace%__PricingVariable__c"
        },
        "Name": "Recurring Monthly Std Price - Asset",
        "VlocityDataPackType": "SObject",
        "VlocityRecordSObjectType": "%vlocity_namespace%__PricingVariableBinding__c"
    },
    {
        "%vlocity_namespace%__DestinationFieldApiName__c": "%vlocity_namespace%__RecurringCharge__c",
        "%vlocity_namespace%__DestinationSObjectType__c": "OpportunityLineItem",
        "%vlocity_namespace%__PricingVariableId__c": {
            "%vlocity_namespace%__Code__c": "REC_MNTH_STD_PRC",
            "VlocityDataPackType": "VlocityMatchingKeyObject",
            "VlocityMatchingRecordSourceKey": "%vlocity_namespace%__PricingVariable__c/REC_MNTH_STD_PRC",
            "VlocityRecordSObjectType": "%vlocity_namespace%__PricingVariable__c"
        },
        "Name": "Recurring Monthly Std Price - OpportunityLineItem",
        "VlocityDataPackType": "SObject",
        "VlocityRecordSObjectType": "%vlocity_namespace%__PricingVariableBinding__c"
    },
    {
        "%vlocity_namespace%__DestinationFieldApiName__c": "%vlocity_namespace%__RecurringCharge__c",
        "%vlocity_namespace%__DestinationSObjectType__c": "OrderItem",
        "%vlocity_namespace%__PricingVariableId__c": {
            "%vlocity_namespace%__Code__c": "REC_MNTH_STD_PRC",
            "VlocityDataPackType": "VlocityMatchingKeyObject",
            "VlocityMatchingRecordSourceKey": "%vlocity_namespace%__PricingVariable__c/REC_MNTH_STD_PRC",
            "VlocityRecordSObjectType": "%vlocity_namespace%__PricingVariable__c"
        },
        "Name": "Recurring Monthly Std Price - OrderItem",
        "VlocityDataPackType": "SObject",
        "VlocityRecordSObjectType": "%vlocity_namespace%__PricingVariableBinding__c"
    },
    {
        "%vlocity_namespace%__DestinationFieldApiName__c": "%vlocity_namespace%__RecurringCharge__c",
        "%vlocity_namespace%__DestinationSObjectType__c": "QuoteLineItem",
        "%vlocity_namespace%__PricingVariableId__c": {
            "%vlocity_namespace%__Code__c": "REC_MNTH_STD_PRC",
            "VlocityDataPackType": "VlocityMatchingKeyObject",
            "VlocityMatchingRecordSourceKey": "%vlocity_namespace%__PricingVariable__c/REC_MNTH_STD_PRC",
            "VlocityRecordSObjectType": "%vlocity_namespace%__PricingVariable__c"
        },
        "Name": "Recurring Monthly Std Price - QuoteLineItem",
        "VlocityDataPackType": "SObject",
        "VlocityRecordSObjectType": "%vlocity_namespace%__PricingVariableBinding__c"
    }
]