[
    {
        "%vlocity_namespace%__DestinationFieldApiName__c": "%vlocity_namespace%__EffectiveOneTimeTotal__c",
        "%vlocity_namespace%__DestinationSObjectType__c": "Asset",
        "%vlocity_namespace%__PricingVariableId__c": {
            "%vlocity_namespace%__Code__c": "EFF_OT_STD_PRC_TOTAL",
            "VlocityDataPackType": "VlocityMatchingKeyObject",
            "VlocityMatchingRecordSourceKey": "%vlocity_namespace%__PricingVariable__c/EFF_OT_STD_PRC_TOTAL",
            "VlocityRecordSObjectType": "%vlocity_namespace%__PricingVariable__c"
        },
        "Name": "Effective One Time Std Price Total - Asset",
        "VlocityDataPackType": "SObject",
        "VlocityRecordSObjectType": "%vlocity_namespace%__PricingVariableBinding__c"
    },
    {
        "%vlocity_namespace%__DestinationFieldApiName__c": "%vlocity_namespace%__EffectiveOneTimeTotal__c",
        "%vlocity_namespace%__DestinationSObjectType__c": "OpportunityLineItem",
        "%vlocity_namespace%__PricingVariableId__c": {
            "%vlocity_namespace%__Code__c": "EFF_OT_STD_PRC_TOTAL",
            "VlocityDataPackType": "VlocityMatchingKeyObject",
            "VlocityMatchingRecordSourceKey": "%vlocity_namespace%__PricingVariable__c/EFF_OT_STD_PRC_TOTAL",
            "VlocityRecordSObjectType": "%vlocity_namespace%__PricingVariable__c"
        },
        "Name": "Effective One Time Std Price Total - OpportunityLineItem",
        "VlocityDataPackType": "SObject",
        "VlocityRecordSObjectType": "%vlocity_namespace%__PricingVariableBinding__c"
    },
    {
        "%vlocity_namespace%__DestinationFieldApiName__c": "%vlocity_namespace%__EffectiveOneTimeTotal__c",
        "%vlocity_namespace%__DestinationSObjectType__c": "OrderItem",
        "%vlocity_namespace%__PricingVariableId__c": {
            "%vlocity_namespace%__Code__c": "EFF_OT_STD_PRC_TOTAL",
            "VlocityDataPackType": "VlocityMatchingKeyObject",
            "VlocityMatchingRecordSourceKey": "%vlocity_namespace%__PricingVariable__c/EFF_OT_STD_PRC_TOTAL",
            "VlocityRecordSObjectType": "%vlocity_namespace%__PricingVariable__c"
        },
        "Name": "Effective One Time Std Price Total - OrderItem",
        "VlocityDataPackType": "SObject",
        "VlocityRecordSObjectType": "%vlocity_namespace%__PricingVariableBinding__c"
    },
    {
        "%vlocity_namespace%__DestinationFieldApiName__c": "%vlocity_namespace%__EffectiveOneTimeTotal__c",
        "%vlocity_namespace%__DestinationSObjectType__c": "QuoteLineItem",
        "%vlocity_namespace%__PricingVariableId__c": {
            "%vlocity_namespace%__Code__c": "EFF_OT_STD_PRC_TOTAL",
            "VlocityDataPackType": "VlocityMatchingKeyObject",
            "VlocityMatchingRecordSourceKey": "%vlocity_namespace%__PricingVariable__c/EFF_OT_STD_PRC_TOTAL",
            "VlocityRecordSObjectType": "%vlocity_namespace%__PricingVariable__c"
        },
        "Name": "Effective One Time Std Price Total - QuoteLineItem",
        "VlocityDataPackType": "SObject",
        "VlocityRecordSObjectType": "%vlocity_namespace%__PricingVariableBinding__c"
    }
]