{
    "%vlocity_namespace%__AdjustmentMethod__c": "",
    "%vlocity_namespace%__Aggregation__c": "Quantity",
    "%vlocity_namespace%__AppliesToVariableId__c": {
        "%vlocity_namespace%__Code__c": "PARENT_ROLLUP_OT_STD_PRC_TOTAL",
        "VlocityDataPackType": "VlocityLookupMatchingKeyObject",
        "VlocityLookupRecordSourceKey": "%vlocity_namespace%__PricingVariable__c/PARENT_ROLLUP_OT_STD_PRC_TOTAL",
        "VlocityRecordSObjectType": "%vlocity_namespace%__PricingVariable__c"
    },
    "%vlocity_namespace%__AppliesTo__c": "",
    "%vlocity_namespace%__ChargeType__c": "One-time",
    "%vlocity_namespace%__Code__c": "GROUP_ROLLUP_OT_STD_PRC_TOTAL",
    "%vlocity_namespace%__CurrencyType__c": "Currency",
    "%vlocity_namespace%__Description__c": "",
    "%vlocity_namespace%__IsActive__c": true,
    "%vlocity_namespace%__PricingVariableBinding__c": "Group-Rollup-One-Time-Std-Price-Total_PricingVariableBindings.json",
    "%vlocity_namespace%__RecurringFrequency__c": "",
    "%vlocity_namespace%__Scope__c": "Group Rollup",
    "%vlocity_namespace%__SubType__c": "Standard",
    "%vlocity_namespace%__Type__c": "Price",
    "%vlocity_namespace%__ValueType__c": "Calculated",
    "Name": "Group Rollup One Time Std Price Total",
    "VlocityDataPackType": "SObject",
    "VlocityRecordSObjectType": "%vlocity_namespace%__PricingVariable__c",
    "VlocityRecordSourceKey": "%vlocity_namespace%__PricingVariable__c/GROUP_ROLLUP_OT_STD_PRC_TOTAL"
}