{
    "%vlocity_namespace%__CategoryData__c": "",
    "%vlocity_namespace%__ClassId__c": "",
    "%vlocity_namespace%__DefaultImageId__c": "",
    "%vlocity_namespace%__EffectiveDate__c": "2019-10-31",
    "%vlocity_namespace%__EndDate__c": "",
    "%vlocity_namespace%__EndOfLifeDate__c": "",
    "%vlocity_namespace%__FulfilmentStartDate__c": "2019-10-31T18:30:00.000Z",
    "%vlocity_namespace%__GlobalGroupKey__c": "",
    "%vlocity_namespace%__GlobalKey__c": "54a342be-ca60-163e-172c-3eb66311e547",
    "%vlocity_namespace%__HelpText__c": "",
    "%vlocity_namespace%__IsConfigurable__c": false,
    "%vlocity_namespace%__IsOrderable__c": true,
    "%vlocity_namespace%__LifecycleStatus__c": "",
    "%vlocity_namespace%__ObjectTypeId__c": "",
    "%vlocity_namespace%__ParentClassId__c": "",
    "%vlocity_namespace%__PriceListEntry__c": "Up-to-150-National-Mins_PriceListEntries.json",
    "%vlocity_namespace%__ProductChildItem__c": "Up-to-150-National-Mins_ProductChildItems.json",
    "%vlocity_namespace%__ProductSpecId__c": "",
    "%vlocity_namespace%__ProductTemplateProductId__c": "",
    "%vlocity_namespace%__SellingEndDate__c": "",
    "%vlocity_namespace%__SellingStartDate__c": "2019-10-31T18:30:00.000Z",
    "%vlocity_namespace%__SpecificationSubType__c": "",
    "%vlocity_namespace%__SpecificationType__c": "Product",
    "%vlocity_namespace%__Status__c": "Active",
    "%vlocity_namespace%__SubType__c": "None",
    "%vlocity_namespace%__TrackAsAgreement__c": false,
    "%vlocity_namespace%__Type__c": "None",
    "%vlocity_namespace%__VendorAccountId__c": "",
    "%vlocity_namespace%__VersionEndDateTime__c": "",
    "%vlocity_namespace%__VersionGlobalKey__c": "",
    "%vlocity_namespace%__VersionGroupKey__c": "",
    "%vlocity_namespace%__VersionLabel__c": "",
    "%vlocity_namespace%__VersionStartDateTime__c": "",
    "%vlocity_namespace%__isSimple__c": true,
    "CanUseQuantitySchedule": false,
    "CanUseRevenueSchedule": false,
    "Description": "Standard National calls to landlines and mobiles to selected countries (Charged per min).",
    "DisplayUrl": "",
    "ExternalDataSourceId": "",
    "ExternalId": "",
    "Family": "",
    "IsActive": true,
    "IsArchived": false,
    "Name": "Up to 150 National Mins",
    "NumberOfQuantityInstallments": "",
    "NumberOfRevenueInstallments": "",
    "PricebookEntry": "Up-to-150-National-Mins_PricebookEntries.json",
    "ProductCode": "national150",
    "QuantityInstallmentPeriod": "",
    "QuantityScheduleType": "",
    "QuantityUnitOfMeasure": "",
    "RecordTypeId": "",
    "RevenueInstallmentPeriod": "",
    "RevenueScheduleType": "",
    "StandardPricebookEntry": [
        {
            "%vlocity_namespace%__FloorPrice__c": "",
            "%vlocity_namespace%__OverageCharge__c": "",
            "%vlocity_namespace%__OverageUOM__c": "",
            "%vlocity_namespace%__RecurringPrice__c": 0,
            "%vlocity_namespace%__RecurringUOM__c": "Monthly",
            "IsActive": true,
            "IsArchived": false,
            "Name": "Up to 150 National Mins",
            "Pricebook2.Name": "Standard Price Book",
            "Pricebook2Id": {
                "Name": "Standard Price Book",
                "VlocityDataPackType": "VlocityLookupMatchingKeyObject",
                "VlocityLookupRecordSourceKey": "Pricebook2/Standard Price Book",
                "VlocityRecordSObjectType": "Pricebook2"
            },
            "Product2.%vlocity_namespace%__GlobalKey__c": "54a342be-ca60-163e-172c-3eb66311e547",
            "Product2Id": {
                "%vlocity_namespace%__GlobalKey__c": "54a342be-ca60-163e-172c-3eb66311e547",
                "VlocityDataPackType": "VlocityMatchingKeyObject",
                "VlocityMatchingRecordSourceKey": "Product2/54a342be-ca60-163e-172c-3eb66311e547",
                "VlocityRecordSObjectType": "Product2"
            },
            "ProductCode": "national150",
            "UnitPrice": 0,
            "UseStandardPrice": false,
            "VlocityDataPackType": "SObject",
            "VlocityRecordSObjectType": "PricebookEntry",
            "VlocityRecordSourceKey": "PricebookEntry/Pricebook2/Standard Price Book/Product2/54a342be-ca60-163e-172c-3eb66311e547"
        }
    ],
    "StockKeepingUnit": "",
    "VlocityDataPackType": "SObject",
    "VlocityRecordSObjectType": "Product2",
    "VlocityRecordSourceKey": "Product2/54a342be-ca60-163e-172c-3eb66311e547"
}