{
    "%vlocity_namespace%__Channel__c": "",
    "%vlocity_namespace%__ContentType__c": "Video",
    "%vlocity_namespace%__Description__c": "#FF0000",
    "%vlocity_namespace%__DisplayConditionsData__c": "",
    "%vlocity_namespace%__GlobalKey__c": "795b438d-b66c-344e-e280-8da5a48ca3e0",
    "%vlocity_namespace%__IsDefaultImage__c": false,
    "%vlocity_namespace%__IsPrivate__c": false,
    "%vlocity_namespace%__ObjectId__c": {
        "%vlocity_namespace%__GlobalKey__c": "006f6f54-91a6-4abc-44fc-4893fb5ce2ea",
        "VlocityDataPackType": "VlocityLookupMatchingKeyObject",
        "VlocityLookupRecordSourceKey": "Product2/006f6f54-91a6-4abc-44fc-4893fb5ce2ea",
        "VlocityRecordSObjectType": "Product2"
    },
    "%vlocity_namespace%__SequenceNumber__c": 4,
    "%vlocity_namespace%__UrlLong__c": "https://www.apple.com/newsroom/videos/iphone-11-pro/iPhone11_Pro-sharp-4k-cc-us-_1280x720h.mp4",
    "%vlocity_namespace%__Url__c": "",
    "Name": "iPhone11-Red-5",
    "VlocityDataPackType": "SObject",
    "VlocityRecordSObjectType": "%vlocity_namespace%__VlocityAttachment__c",
    "VlocityRecordSourceKey": "%vlocity_namespace%__VlocityAttachment__c/795b438d-b66c-344e-e280-8da5a48ca3e0"
}