[
    {
        "%vlocity_namespace%__FloorPrice__c": "",
        "%vlocity_namespace%__OverageCharge__c": "",
        "%vlocity_namespace%__OverageUOM__c": "",
        "%vlocity_namespace%__RecurringPrice__c": 0,
        "%vlocity_namespace%__RecurringUOM__c": "Monthly",
        "IsActive": true,
        "IsArchived": false,
        "Name": "iPhone11 Pro",
        "Pricebook2.Name": "Standard",
        "Pricebook2Id": {
            "Name": "Standard",
            "VlocityDataPackType": "VlocityLookupMatchingKeyObject",
            "VlocityLookupRecordSourceKey": "Pricebook2/Standard",
            "VlocityRecordSObjectType": "Pricebook2"
        },
        "Product2.%vlocity_namespace%__GlobalKey__c": "046f59f2-788c-27bc-a33e-5b8cbcdc22fe",
        "Product2Id": {
            "%vlocity_namespace%__GlobalKey__c": "046f59f2-788c-27bc-a33e-5b8cbcdc22fe",
            "VlocityDataPackType": "VlocityMatchingKeyObject",
            "VlocityMatchingRecordSourceKey": "Product2/046f59f2-788c-27bc-a33e-5b8cbcdc22fe",
            "VlocityRecordSObjectType": "Product2"
        },
        "ProductCode": "iPhone11Pro",
        "UnitPrice": 0,
        "UseStandardPrice": false,
        "VlocityDataPackType": "SObject",
        "VlocityRecordSObjectType": "PricebookEntry",
        "VlocityRecordSourceKey": "PricebookEntry/Pricebook2/Standard/Product2/046f59f2-788c-27bc-a33e-5b8cbcdc22fe"
    }
]