[
    {
        "%vlocity_namespace%__AllowIndependentLifeCycle__c": false,
        "%vlocity_namespace%__ChildLineNumber__c": "1",
        "%vlocity_namespace%__ChildProductId__c": {
            "%vlocity_namespace%__GlobalKey__c": "8c9d8ed0-2822-a2f3-d0f6-ee80a82718c0",
            "VlocityDataPackType": "VlocityLookupMatchingKeyObject",
            "VlocityLookupRecordSourceKey": "Product2/8c9d8ed0-2822-a2f3-d0f6-ee80a82718c0",
            "VlocityRecordSObjectType": "Product2"
        },
        "%vlocity_namespace%__CollapseHierarchy__c": false,
        "%vlocity_namespace%__GlobalKey__c": "06a19a01-b9a6-ffef-7afd-3c262f2f5b67",
        "%vlocity_namespace%__IsOverride__c": false,
        "%vlocity_namespace%__IsRootProductChildItem__c": false,
        "%vlocity_namespace%__IsVirtualItem__c": true,
        "%vlocity_namespace%__MaxQuantity__c": 2,
        "%vlocity_namespace%__MaximumChildItemQuantity__c": 2,
        "%vlocity_namespace%__MinMaxDefaultQty__c": "1, 2, 1",
        "%vlocity_namespace%__MinQuantity__c": 1,
        "%vlocity_namespace%__MinimumChildItemQuantity__c": 0,
        "%vlocity_namespace%__ParentProductId__c": {
            "%vlocity_namespace%__GlobalKey__c": "046f59f2-788c-27bc-a33e-5b8cbcdc22fe",
            "VlocityDataPackType": "VlocityMatchingKeyObject",
            "VlocityMatchingRecordSourceKey": "Product2/046f59f2-788c-27bc-a33e-5b8cbcdc22fe",
            "VlocityRecordSObjectType": "Product2"
        },
        "%vlocity_namespace%__Quantity__c": 1,
        "%vlocity_namespace%__RelationshipType__c": "Child",
        "%vlocity_namespace%__SelectionMethodImplementation__c": "",
        "%vlocity_namespace%__SeqNumber__c": 1,
        "Name": "06a19a01-b9a6-ffef-7afd-3c262f2f5b67",
        "VlocityDataPackType": "SObject",
        "VlocityRecordSObjectType": "%vlocity_namespace%__ProductChildItem__c",
        "VlocityRecordSourceKey": "%vlocity_namespace%__ProductChildItem__c/06a19a01-b9a6-ffef-7afd-3c262f2f5b67"
    },
    {
        "%vlocity_namespace%__AllowIndependentLifeCycle__c": false,
        "%vlocity_namespace%__ChildLineNumber__c": "0",
        "%vlocity_namespace%__ChildProductId__c": {
            "%vlocity_namespace%__GlobalKey__c": "67fb6abc-6662-12ad-c353-7e965af94729",
            "VlocityDataPackType": "VlocityLookupMatchingKeyObject",
            "VlocityLookupRecordSourceKey": "Product2/67fb6abc-6662-12ad-c353-7e965af94729",
            "VlocityRecordSObjectType": "Product2"
        },
        "%vlocity_namespace%__CollapseHierarchy__c": false,
        "%vlocity_namespace%__GlobalKey__c": "6becce38-6a69-4e90-ce03-c5a02aace88b",
        "%vlocity_namespace%__IsOverride__c": false,
        "%vlocity_namespace%__IsRootProductChildItem__c": false,
        "%vlocity_namespace%__IsVirtualItem__c": true,
        "%vlocity_namespace%__MaxQuantity__c": 1,
        "%vlocity_namespace%__MaximumChildItemQuantity__c": 1,
        "%vlocity_namespace%__MinMaxDefaultQty__c": "1, 1, 1",
        "%vlocity_namespace%__MinQuantity__c": 1,
        "%vlocity_namespace%__MinimumChildItemQuantity__c": 0,
        "%vlocity_namespace%__ParentProductId__c": {
            "%vlocity_namespace%__GlobalKey__c": "046f59f2-788c-27bc-a33e-5b8cbcdc22fe",
            "VlocityDataPackType": "VlocityMatchingKeyObject",
            "VlocityMatchingRecordSourceKey": "Product2/046f59f2-788c-27bc-a33e-5b8cbcdc22fe",
            "VlocityRecordSObjectType": "Product2"
        },
        "%vlocity_namespace%__Quantity__c": 1,
        "%vlocity_namespace%__RelationshipType__c": "Child",
        "%vlocity_namespace%__SelectionMethodImplementation__c": "",
        "%vlocity_namespace%__SeqNumber__c": 0,
        "Name": "6becce38-6a69-4e90-ce03-c5a02aace88b",
        "VlocityDataPackType": "SObject",
        "VlocityRecordSObjectType": "%vlocity_namespace%__ProductChildItem__c",
        "VlocityRecordSourceKey": "%vlocity_namespace%__ProductChildItem__c/6becce38-6a69-4e90-ce03-c5a02aace88b"
    },
    {
        "%vlocity_namespace%__AllowIndependentLifeCycle__c": false,
        "%vlocity_namespace%__ChildLineNumber__c": "2",
        "%vlocity_namespace%__ChildProductId__c": {
            "%vlocity_namespace%__GlobalKey__c": "4fa576ce-919e-e8a0-e1e7-2d46c3608c16",
            "VlocityDataPackType": "VlocityLookupMatchingKeyObject",
            "VlocityLookupRecordSourceKey": "Product2/4fa576ce-919e-e8a0-e1e7-2d46c3608c16",
            "VlocityRecordSObjectType": "Product2"
        },
        "%vlocity_namespace%__CollapseHierarchy__c": false,
        "%vlocity_namespace%__GlobalKey__c": "8190fcb1-72d1-fc71-db0c-d5b905f81138",
        "%vlocity_namespace%__IsOverride__c": false,
        "%vlocity_namespace%__IsRootProductChildItem__c": false,
        "%vlocity_namespace%__IsVirtualItem__c": true,
        "%vlocity_namespace%__MaxQuantity__c": 99,
        "%vlocity_namespace%__MaximumChildItemQuantity__c": 99,
        "%vlocity_namespace%__MinMaxDefaultQty__c": "1, 99, 1",
        "%vlocity_namespace%__MinQuantity__c": 1,
        "%vlocity_namespace%__MinimumChildItemQuantity__c": 0,
        "%vlocity_namespace%__ParentProductId__c": {
            "%vlocity_namespace%__GlobalKey__c": "046f59f2-788c-27bc-a33e-5b8cbcdc22fe",
            "VlocityDataPackType": "VlocityMatchingKeyObject",
            "VlocityMatchingRecordSourceKey": "Product2/046f59f2-788c-27bc-a33e-5b8cbcdc22fe",
            "VlocityRecordSObjectType": "Product2"
        },
        "%vlocity_namespace%__Quantity__c": 1,
        "%vlocity_namespace%__RelationshipType__c": "Child",
        "%vlocity_namespace%__SelectionMethodImplementation__c": "",
        "%vlocity_namespace%__SeqNumber__c": 2,
        "Name": "8190fcb1-72d1-fc71-db0c-d5b905f81138",
        "VlocityDataPackType": "SObject",
        "VlocityRecordSObjectType": "%vlocity_namespace%__ProductChildItem__c",
        "VlocityRecordSourceKey": "%vlocity_namespace%__ProductChildItem__c/8190fcb1-72d1-fc71-db0c-d5b905f81138"
    },
    {
        "%vlocity_namespace%__AllowIndependentLifeCycle__c": false,
        "%vlocity_namespace%__ChildLineNumber__c": "1",
        "%vlocity_namespace%__ChildProductId__c": "",
        "%vlocity_namespace%__CollapseHierarchy__c": false,
        "%vlocity_namespace%__GlobalKey__c": "c6a1749b-71ec-3603-723b-0dc50965e2a3",
        "%vlocity_namespace%__IsOverride__c": false,
        "%vlocity_namespace%__IsRootProductChildItem__c": true,
        "%vlocity_namespace%__IsVirtualItem__c": false,
        "%vlocity_namespace%__MaxQuantity__c": 99999,
        "%vlocity_namespace%__MaximumChildItemQuantity__c": 99999,
        "%vlocity_namespace%__MinMaxDefaultQty__c": "0, 99999, 1",
        "%vlocity_namespace%__MinQuantity__c": 0,
        "%vlocity_namespace%__MinimumChildItemQuantity__c": 0,
        "%vlocity_namespace%__ParentProductId__c": {
            "%vlocity_namespace%__GlobalKey__c": "046f59f2-788c-27bc-a33e-5b8cbcdc22fe",
            "VlocityDataPackType": "VlocityMatchingKeyObject",
            "VlocityMatchingRecordSourceKey": "Product2/046f59f2-788c-27bc-a33e-5b8cbcdc22fe",
            "VlocityRecordSObjectType": "Product2"
        },
        "%vlocity_namespace%__Quantity__c": 1,
        "%vlocity_namespace%__RelationshipType__c": "Child",
        "%vlocity_namespace%__SelectionMethodImplementation__c": "",
        "%vlocity_namespace%__SeqNumber__c": 1,
        "Name": "Root PCI",
        "VlocityDataPackType": "SObject",
        "VlocityRecordSObjectType": "%vlocity_namespace%__ProductChildItem__c",
        "VlocityRecordSourceKey": "%vlocity_namespace%__ProductChildItem__c/c6a1749b-71ec-3603-723b-0dc50965e2a3"
    }
]