[
    {
        "%vlocity_namespace%__DestinationFieldApiName__c": "%vlocity_namespace%__OneTimeCharge__c",
        "%vlocity_namespace%__DestinationSObjectType__c": "Asset",
        "%vlocity_namespace%__PricingVariableId__c": {
            "%vlocity_namespace%__Code__c": "OT_STD_PRC",
            "VlocityDataPackType": "VlocityMatchingKeyObject",
            "VlocityMatchingRecordSourceKey": "%vlocity_namespace%__PricingVariable__c/OT_STD_PRC",
            "VlocityRecordSObjectType": "%vlocity_namespace%__PricingVariable__c"
        },
        "Name": "One Time Std Price - Asset",
        "VlocityDataPackType": "SObject",
        "VlocityRecordSObjectType": "%vlocity_namespace%__PricingVariableBinding__c"
    },
    {
        "%vlocity_namespace%__DestinationFieldApiName__c": "%vlocity_namespace%__OneTimeCharge__c",
        "%vlocity_namespace%__DestinationSObjectType__c": "OpportunityLineItem",
        "%vlocity_namespace%__PricingVariableId__c": {
            "%vlocity_namespace%__Code__c": "OT_STD_PRC",
            "VlocityDataPackType": "VlocityMatchingKeyObject",
            "VlocityMatchingRecordSourceKey": "%vlocity_namespace%__PricingVariable__c/OT_STD_PRC",
            "VlocityRecordSObjectType": "%vlocity_namespace%__PricingVariable__c"
        },
        "Name": "One Time Std Price - OpportunityLineItem",
        "VlocityDataPackType": "SObject",
        "VlocityRecordSObjectType": "%vlocity_namespace%__PricingVariableBinding__c"
    },
    {
        "%vlocity_namespace%__DestinationFieldApiName__c": "%vlocity_namespace%__OneTimeCharge__c",
        "%vlocity_namespace%__DestinationSObjectType__c": "OrderItem",
        "%vlocity_namespace%__PricingVariableId__c": {
            "%vlocity_namespace%__Code__c": "OT_STD_PRC",
            "VlocityDataPackType": "VlocityMatchingKeyObject",
            "VlocityMatchingRecordSourceKey": "%vlocity_namespace%__PricingVariable__c/OT_STD_PRC",
            "VlocityRecordSObjectType": "%vlocity_namespace%__PricingVariable__c"
        },
        "Name": "One Time Std Price - OrderItem",
        "VlocityDataPackType": "SObject",
        "VlocityRecordSObjectType": "%vlocity_namespace%__PricingVariableBinding__c"
    },
    {
        "%vlocity_namespace%__DestinationFieldApiName__c": "%vlocity_namespace%__OneTimeCharge__c",
        "%vlocity_namespace%__DestinationSObjectType__c": "QuoteLineItem",
        "%vlocity_namespace%__PricingVariableId__c": {
            "%vlocity_namespace%__Code__c": "OT_STD_PRC",
            "VlocityDataPackType": "VlocityMatchingKeyObject",
            "VlocityMatchingRecordSourceKey": "%vlocity_namespace%__PricingVariable__c/OT_STD_PRC",
            "VlocityRecordSObjectType": "%vlocity_namespace%__PricingVariable__c"
        },
        "Name": "One Time Std Price - QuoteLineItem",
        "VlocityDataPackType": "SObject",
        "VlocityRecordSObjectType": "%vlocity_namespace%__PricingVariableBinding__c"
    }
]