{
    "%vlocity_namespace%__Code__c": "DEFAULT_PRICING_PLAN",
    "%vlocity_namespace%__CountOfActivePricingPlanSteps__c": 11,
    "%vlocity_namespace%__Description__c": "",
    "%vlocity_namespace%__EffectiveFromDate__c": "",
    "%vlocity_namespace%__EffectiveUntilDate__c": "",
    "%vlocity_namespace%__GlobalKey__c": "7d610715-25f7-6949-3e21-0c24d7152cc4",
    "%vlocity_namespace%__IsActive__c": true,
    "%vlocity_namespace%__PricingPlanStep__c": "Default-Pricing-Plan_PricingPlanSteps.json",
    "Name": "Default Pricing Plan",
    "VlocityDataPackType": "SObject",
    "VlocityRecordSObjectType": "%vlocity_namespace%__PricingPlan__c",
    "VlocityRecordSourceKey": "%vlocity_namespace%__PricingPlan__c/Default Pricing Plan"
}