{
    "%vlocity_namespace%__CatalogCode__c": "Tablets",
    "%vlocity_namespace%__DefaultPriceListId__c": {
        "%vlocity_namespace%__Code__c": "parameshPB",
        "VlocityDataPackType": "VlocityLookupMatchingKeyObject",
        "VlocityLookupRecordSourceKey": "%vlocity_namespace%__PriceList__c/parameshPB",
        "VlocityRecordSObjectType": "%vlocity_namespace%__PriceList__c"
    },
    "%vlocity_namespace%__Description__c": "",
    "%vlocity_namespace%__EndDateTime__c": "",
    "%vlocity_namespace%__GlobalKey__c": "fb9c3f45-5468-3a2e-38ae-2a552c2a7e2e",
    "%vlocity_namespace%__IsActive__c": true,
    "%vlocity_namespace%__IsCatalogRoot__c": false,
    "%vlocity_namespace%__IsDefault__c": false,
    "%vlocity_namespace%__SourceType__c": "",
    "%vlocity_namespace%__StartDateTime__c": "",
    "%vlocity_namespace%__VendorAccount__c": "",
    "Name": "Tablets",
    "VlocityDataPackType": "SObject",
    "VlocityRecordSObjectType": "%vlocity_namespace%__Catalog__c",
    "VlocityRecordSourceKey": "%vlocity_namespace%__Catalog__c/fb9c3f45-5468-3a2e-38ae-2a552c2a7e2e"
}