{
    "%vlocity_namespace%__Channel__c": "",
    "%vlocity_namespace%__ContentType__c": "Image",
    "%vlocity_namespace%__Description__c": "#C0C0C0",
    "%vlocity_namespace%__DisplayConditionsData__c": "",
    "%vlocity_namespace%__GlobalKey__c": "0542234e-8236-c435-0a6c-58be4a5ff143",
    "%vlocity_namespace%__IsDefaultImage__c": false,
    "%vlocity_namespace%__IsPrivate__c": false,
    "%vlocity_namespace%__ObjectId__c": {
        "%vlocity_namespace%__GlobalKey__c": "046f59f2-788c-27bc-a33e-5b8cbcdc22fe",
        "VlocityDataPackType": "VlocityLookupMatchingKeyObject",
        "VlocityLookupRecordSourceKey": "Product2/046f59f2-788c-27bc-a33e-5b8cbcdc22fe",
        "VlocityRecordSObjectType": "Product2"
    },
    "%vlocity_namespace%__SequenceNumber__c": 9,
    "%vlocity_namespace%__UrlLong__c": "https://images-na.ssl-images-amazon.com/images/I/717KCiemnhL._AC_SL1500_.jpg",
    "%vlocity_namespace%__Url__c": "",
    "Name": "iPhone11Pro-Silver-2",
    "VlocityDataPackType": "SObject",
    "VlocityRecordSObjectType": "%vlocity_namespace%__VlocityAttachment__c",
    "VlocityRecordSourceKey": "%vlocity_namespace%__VlocityAttachment__c/0542234e-8236-c435-0a6c-58be4a5ff143"
}