[
    {
        "%vlocity_namespace%__FloorPrice__c": "",
        "%vlocity_namespace%__OverageCharge__c": "",
        "%vlocity_namespace%__OverageUOM__c": "",
        "%vlocity_namespace%__RecurringPrice__c": 0,
        "%vlocity_namespace%__RecurringUOM__c": "Monthly",
        "IsActive": true,
        "IsArchived": false,
        "Name": "2GB/Day Packs",
        "Pricebook2.Name": "Standard",
        "Pricebook2Id": {
            "Name": "Standard",
            "VlocityDataPackType": "VlocityLookupMatchingKeyObject",
            "VlocityLookupRecordSourceKey": "Pricebook2/Standard",
            "VlocityRecordSObjectType": "Pricebook2"
        },
        "Product2.%vlocity_namespace%__GlobalKey__c": "cd2b5ad9-6b8c-6bb0-3b4f-825d8ea0b9af",
        "Product2Id": {
            "%vlocity_namespace%__GlobalKey__c": "cd2b5ad9-6b8c-6bb0-3b4f-825d8ea0b9af",
            "VlocityDataPackType": "VlocityMatchingKeyObject",
            "VlocityMatchingRecordSourceKey": "Product2/cd2b5ad9-6b8c-6bb0-3b4f-825d8ea0b9af",
            "VlocityRecordSObjectType": "Product2"
        },
        "ProductCode": "2GBPack",
        "UnitPrice": 0,
        "UseStandardPrice": false,
        "VlocityDataPackType": "SObject",
        "VlocityRecordSObjectType": "PricebookEntry",
        "VlocityRecordSourceKey": "PricebookEntry/Pricebook2/Standard/Product2/cd2b5ad9-6b8c-6bb0-3b4f-825d8ea0b9af"
    }
]