{
    "%vlocity_namespace%__EffectiveFromDate__c": "",
    "%vlocity_namespace%__EffectiveUntilDate__c": "",
    "%vlocity_namespace%__GlobalGroupKey__c": "",
    "%vlocity_namespace%__GlobalKey__c": "104d9898c04874d0fbac36e125fa1369",
    "%vlocity_namespace%__IsActive__c": true,
    "%vlocity_namespace%__IsVirtual__c": false,
    "%vlocity_namespace%__LifecycleStatus__c": "",
    "%vlocity_namespace%__Mode__c": "",
    "%vlocity_namespace%__ObjectApiName__c": "PricingElement__c",
    "%vlocity_namespace%__ParentObjectClassId__c": "",
    "%vlocity_namespace%__RecordTypeName__c": "",
    "%vlocity_namespace%__RootObjectClassId__c": {
        "%vlocity_namespace%__GlobalKey__c": "18d330806bf900b8ec42e44b9e915891",
        "VlocityDataPackType": "VlocityLookupMatchingKeyObject",
        "VlocityLookupRecordSourceKey": "%vlocity_namespace%__ObjectClass__c/18d330806bf900b8ec42e44b9e915891",
        "VlocityRecordSObjectType": "%vlocity_namespace%__ObjectClass__c"
    },
    "%vlocity_namespace%__VersionEndDateTime__c": "",
    "%vlocity_namespace%__VersionGlobalKey__c": "",
    "%vlocity_namespace%__VersionGroupKey__c": "",
    "%vlocity_namespace%__VersionLabel__c": "",
    "%vlocity_namespace%__VersionStartDateTime__c": "",
    "Name": "Discount",
    "RecordTypeId": {
        "DeveloperName": "ObjectType",
        "SobjectType": "%vlocity_namespace%__ObjectClass__c",
        "VlocityDataPackType": "VlocityLookupMatchingKeyObject",
        "VlocityLookupRecordSourceKey": "RecordType/%vlocity_namespace%__ObjectClass__c/ObjectType",
        "VlocityRecordSObjectType": "RecordType"
    },
    "VlocityDataPackType": "SObject",
    "VlocityRecordSObjectType": "%vlocity_namespace%__ObjectClass__c",
    "VlocityRecordSourceKey": "%vlocity_namespace%__ObjectClass__c/104d9898c04874d0fbac36e125fa1369"
}