[
    {
        "%vlocity_namespace%__BasePriceListId__c": "",
        "%vlocity_namespace%__DisplayText__c": "my pb",
        "%vlocity_namespace%__EffectiveFromDate__c": "2019-10-31T18:30:00.000Z",
        "%vlocity_namespace%__EffectiveUntilDate__c": "",
        "%vlocity_namespace%__GlobalKey__c": "1bcde51f-51b1-ad80-6680-2dea16f4945b",
        "%vlocity_namespace%__IsActive__c": true,
        "%vlocity_namespace%__IsBasePrice__c": false,
        "%vlocity_namespace%__IsOverride__c": false,
        "%vlocity_namespace%__IsVirtualPrice__c": false,
        "%vlocity_namespace%__OfferId__c": "",
        "%vlocity_namespace%__PriceListId__c": {
            "%vlocity_namespace%__Code__c": "parameshPB",
            "VlocityDataPackType": "VlocityLookupMatchingKeyObject",
            "VlocityLookupRecordSourceKey": "%vlocity_namespace%__PriceList__c/parameshPB",
            "VlocityRecordSObjectType": "%vlocity_namespace%__PriceList__c"
        },
        "%vlocity_namespace%__PricingElementGlobalKey__c": "75f0a9dc-87aa-8624-f03c-8adbe056b4ad",
        "%vlocity_namespace%__PricingElementId__c": {
            "%vlocity_namespace%__GlobalKey__c": "1e0c9c59-baf1-98fa-b7bb-b45768e73a25",
            "VlocityDataPackType": "VlocityLookupMatchingKeyObject",
            "VlocityLookupRecordSourceKey": "%vlocity_namespace%__PricingElement__c/1e0c9c59-baf1-98fa-b7bb-b45768e73a25",
            "VlocityRecordSObjectType": "%vlocity_namespace%__PricingElement__c"
        },
        "%vlocity_namespace%__PricingMatrixBindingData__c": "",
        "%vlocity_namespace%__ProductId__c": {
            "%vlocity_namespace%__GlobalKey__c": "bbe431d7-b8be-52bc-c67b-04b7edb784d4",
            "VlocityDataPackType": "VlocityMatchingKeyObject",
            "VlocityMatchingRecordSourceKey": "Product2/bbe431d7-b8be-52bc-c67b-04b7edb784d4",
            "VlocityRecordSObjectType": "Product2"
        },
        "%vlocity_namespace%__PromotionId__c": "",
        "%vlocity_namespace%__PromotionItemId__c": "",
        "%vlocity_namespace%__RulesDescription__c": "",
        "%vlocity_namespace%__TimePlanId__c": "",
        "%vlocity_namespace%__TimePolicyId__c": "",
        "Name": "1bcde51f-51b1-ad80-6680-2dea16f4945b",
        "VlocityDataPackType": "SObject",
        "VlocityRecordSObjectType": "%vlocity_namespace%__PriceListEntry__c",
        "VlocityRecordSourceKey": "%vlocity_namespace%__PriceListEntry__c/1bcde51f-51b1-ad80-6680-2dea16f4945b"
    }
]