[
    {
        "%vlocity_namespace%__FloorPrice__c": "",
        "%vlocity_namespace%__OverageCharge__c": "",
        "%vlocity_namespace%__OverageUOM__c": "",
        "%vlocity_namespace%__RecurringPrice__c": 0,
        "%vlocity_namespace%__RecurringUOM__c": "Monthly",
        "IsActive": true,
        "IsArchived": false,
        "Name": "OtterBox - Symmetry series case for iPhone X",
        "Pricebook2.Name": "Standard",
        "Pricebook2Id": {
            "Name": "Standard",
            "VlocityDataPackType": "VlocityLookupMatchingKeyObject",
            "VlocityLookupRecordSourceKey": "Pricebook2/Standard",
            "VlocityRecordSObjectType": "Pricebook2"
        },
        "Product2.%vlocity_namespace%__GlobalKey__c": "bbe431d7-b8be-52bc-c67b-04b7edb784d4",
        "Product2Id": {
            "%vlocity_namespace%__GlobalKey__c": "bbe431d7-b8be-52bc-c67b-04b7edb784d4",
            "VlocityDataPackType": "VlocityMatchingKeyObject",
            "VlocityMatchingRecordSourceKey": "Product2/bbe431d7-b8be-52bc-c67b-04b7edb784d4",
            "VlocityRecordSObjectType": "Product2"
        },
        "ProductCode": "OtterBoxIphoneXsCase",
        "UnitPrice": 0,
        "UseStandardPrice": false,
        "VlocityDataPackType": "SObject",
        "VlocityRecordSObjectType": "PricebookEntry",
        "VlocityRecordSourceKey": "PricebookEntry/Pricebook2/Standard/Product2/bbe431d7-b8be-52bc-c67b-04b7edb784d4"
    }
]