{
    "%vlocity_namespace%__CategoryData__c": "",
    "%vlocity_namespace%__ClassId__c": "",
    "%vlocity_namespace%__DefaultImageId__c": "",
    "%vlocity_namespace%__EffectiveDate__c": "2019-10-31",
    "%vlocity_namespace%__EndDate__c": "",
    "%vlocity_namespace%__EndOfLifeDate__c": "",
    "%vlocity_namespace%__FulfilmentStartDate__c": "2019-10-31T18:30:00.000Z",
    "%vlocity_namespace%__GlobalGroupKey__c": "",
    "%vlocity_namespace%__GlobalKey__c": "bbe431d7-b8be-52bc-c67b-04b7edb784d4",
    "%vlocity_namespace%__HelpText__c": "",
    "%vlocity_namespace%__IsConfigurable__c": false,
    "%vlocity_namespace%__IsOrderable__c": true,
    "%vlocity_namespace%__LifecycleStatus__c": "",
    "%vlocity_namespace%__ObjectTypeId__c": "",
    "%vlocity_namespace%__ParentClassId__c": "",
    "%vlocity_namespace%__PriceListEntry__c": "OtterBox-Symmetry-series-case-for-iPhone-X_PriceListEntries.json",
    "%vlocity_namespace%__ProductChildItem__c": "OtterBox-Symmetry-series-case-for-iPhone-X_ProductChildItems.json",
    "%vlocity_namespace%__ProductSpecId__c": "",
    "%vlocity_namespace%__ProductTemplateProductId__c": "",
    "%vlocity_namespace%__SellingEndDate__c": "",
    "%vlocity_namespace%__SellingStartDate__c": "2019-10-31T18:30:00.000Z",
    "%vlocity_namespace%__SpecificationSubType__c": "",
    "%vlocity_namespace%__SpecificationType__c": "Product",
    "%vlocity_namespace%__Status__c": "Active",
    "%vlocity_namespace%__SubType__c": "None",
    "%vlocity_namespace%__TrackAsAgreement__c": false,
    "%vlocity_namespace%__Type__c": "None",
    "%vlocity_namespace%__VendorAccountId__c": "",
    "%vlocity_namespace%__VersionEndDateTime__c": "",
    "%vlocity_namespace%__VersionGlobalKey__c": "",
    "%vlocity_namespace%__VersionGroupKey__c": "",
    "%vlocity_namespace%__VersionLabel__c": "",
    "%vlocity_namespace%__VersionStartDateTime__c": "",
    "%vlocity_namespace%__isSimple__c": true,
    "CanUseQuantitySchedule": false,
    "CanUseRevenueSchedule": false,
    "Description": "Let the beautiful lines of your Apple iPhone X shone through the clear construction of this OtterBox Symmetry Series case.",
    "DisplayUrl": "",
    "ExternalDataSourceId": "",
    "ExternalId": "",
    "Family": "",
    "IsActive": true,
    "IsArchived": false,
    "Name": "OtterBox - Symmetry series case for iPhone X",
    "NumberOfQuantityInstallments": "",
    "NumberOfRevenueInstallments": "",
    "PricebookEntry": "OtterBox-Symmetry-series-case-for-iPhone-X_PricebookEntries.json",
    "ProductCode": "OtterBoxIphoneXsCase",
    "QuantityInstallmentPeriod": "",
    "QuantityScheduleType": "",
    "QuantityUnitOfMeasure": "",
    "RecordTypeId": "",
    "RevenueInstallmentPeriod": "",
    "RevenueScheduleType": "",
    "StandardPricebookEntry": [
        {
            "%vlocity_namespace%__FloorPrice__c": "",
            "%vlocity_namespace%__OverageCharge__c": "",
            "%vlocity_namespace%__OverageUOM__c": "",
            "%vlocity_namespace%__RecurringPrice__c": 0,
            "%vlocity_namespace%__RecurringUOM__c": "Monthly",
            "IsActive": true,
            "IsArchived": false,
            "Name": "OtterBox - Symmetry series case for iPhone X",
            "Pricebook2.Name": "Standard Price Book",
            "Pricebook2Id": {
                "Name": "Standard Price Book",
                "VlocityDataPackType": "VlocityLookupMatchingKeyObject",
                "VlocityLookupRecordSourceKey": "Pricebook2/Standard Price Book",
                "VlocityRecordSObjectType": "Pricebook2"
            },
            "Product2.%vlocity_namespace%__GlobalKey__c": "bbe431d7-b8be-52bc-c67b-04b7edb784d4",
            "Product2Id": {
                "%vlocity_namespace%__GlobalKey__c": "bbe431d7-b8be-52bc-c67b-04b7edb784d4",
                "VlocityDataPackType": "VlocityMatchingKeyObject",
                "VlocityMatchingRecordSourceKey": "Product2/bbe431d7-b8be-52bc-c67b-04b7edb784d4",
                "VlocityRecordSObjectType": "Product2"
            },
            "ProductCode": "OtterBoxIphoneXsCase",
            "UnitPrice": 0,
            "UseStandardPrice": false,
            "VlocityDataPackType": "SObject",
            "VlocityRecordSObjectType": "PricebookEntry",
            "VlocityRecordSourceKey": "PricebookEntry/Pricebook2/Standard Price Book/Product2/bbe431d7-b8be-52bc-c67b-04b7edb784d4"
        }
    ],
    "StockKeepingUnit": "",
    "VlocityDataPackType": "SObject",
    "VlocityRecordSObjectType": "Product2",
    "VlocityRecordSourceKey": "Product2/bbe431d7-b8be-52bc-c67b-04b7edb784d4"
}