[
    {
        "%vlocity_namespace%__Abbreviation__c": "16GB",
        "%vlocity_namespace%__BooleanValue__c": false,
        "%vlocity_namespace%__Code__c": "16GB",
        "%vlocity_namespace%__DateTimeValue__c": "",
        "%vlocity_namespace%__DateValue__c": "",
        "%vlocity_namespace%__EffectiveFromDate__c": "",
        "%vlocity_namespace%__EffectiveUntilDate__c": "",
        "%vlocity_namespace%__GlobalKey__c": "84dd986e-2c03-4e0d-a7a4-6aeb114a68a7",
        "%vlocity_namespace%__IsActive__c": true,
        "%vlocity_namespace%__IsDefault__c": false,
        "%vlocity_namespace%__NumberValue__c": "",
        "%vlocity_namespace%__PicklistId__c": {
            "%vlocity_namespace%__GlobalKey__c": "18bac3ca-868c-fc43-3da5-4e613c1cda7f",
            "VlocityDataPackType": "VlocityMatchingKeyObject",
            "VlocityMatchingRecordSourceKey": "%vlocity_namespace%__Picklist__c/18bac3ca-868c-fc43-3da5-4e613c1cda7f",
            "VlocityRecordSObjectType": "%vlocity_namespace%__Picklist__c"
        },
        "%vlocity_namespace%__Sequence__c": 1,
        "%vlocity_namespace%__TextValue__c": "16GB",
        "%vlocity_namespace%__UnitOfMeasureName__c": "",
        "%vlocity_namespace%__Value__c": "16GB",
        "Name": "16GB",
        "VlocityDataPackType": "SObject",
        "VlocityRecordSObjectType": "%vlocity_namespace%__PicklistValue__c",
        "VlocityRecordSourceKey": "%vlocity_namespace%__PicklistValue__c/84dd986e-2c03-4e0d-a7a4-6aeb114a68a7"
    },
    {
        "%vlocity_namespace%__Abbreviation__c": "32GB",
        "%vlocity_namespace%__BooleanValue__c": false,
        "%vlocity_namespace%__Code__c": "32GB",
        "%vlocity_namespace%__DateTimeValue__c": "",
        "%vlocity_namespace%__DateValue__c": "",
        "%vlocity_namespace%__EffectiveFromDate__c": "",
        "%vlocity_namespace%__EffectiveUntilDate__c": "",
        "%vlocity_namespace%__GlobalKey__c": "bd29a85d-dee9-4fa1-e1f8-ca6a7e781d38",
        "%vlocity_namespace%__IsActive__c": true,
        "%vlocity_namespace%__IsDefault__c": false,
        "%vlocity_namespace%__NumberValue__c": "",
        "%vlocity_namespace%__PicklistId__c": {
            "%vlocity_namespace%__GlobalKey__c": "18bac3ca-868c-fc43-3da5-4e613c1cda7f",
            "VlocityDataPackType": "VlocityMatchingKeyObject",
            "VlocityMatchingRecordSourceKey": "%vlocity_namespace%__Picklist__c/18bac3ca-868c-fc43-3da5-4e613c1cda7f",
            "VlocityRecordSObjectType": "%vlocity_namespace%__Picklist__c"
        },
        "%vlocity_namespace%__Sequence__c": 2,
        "%vlocity_namespace%__TextValue__c": "32GB",
        "%vlocity_namespace%__UnitOfMeasureName__c": "",
        "%vlocity_namespace%__Value__c": "32GB",
        "Name": "32GB",
        "VlocityDataPackType": "SObject",
        "VlocityRecordSObjectType": "%vlocity_namespace%__PicklistValue__c",
        "VlocityRecordSourceKey": "%vlocity_namespace%__PicklistValue__c/bd29a85d-dee9-4fa1-e1f8-ca6a7e781d38"
    },
    {
        "%vlocity_namespace%__Abbreviation__c": "64GB",
        "%vlocity_namespace%__BooleanValue__c": false,
        "%vlocity_namespace%__Code__c": "64GB",
        "%vlocity_namespace%__DateTimeValue__c": "",
        "%vlocity_namespace%__DateValue__c": "",
        "%vlocity_namespace%__EffectiveFromDate__c": "",
        "%vlocity_namespace%__EffectiveUntilDate__c": "",
        "%vlocity_namespace%__GlobalKey__c": "77fa8b09-3147-89d9-10f1-26b3bf2b4b93",
        "%vlocity_namespace%__IsActive__c": true,
        "%vlocity_namespace%__IsDefault__c": false,
        "%vlocity_namespace%__NumberValue__c": "",
        "%vlocity_namespace%__PicklistId__c": {
            "%vlocity_namespace%__GlobalKey__c": "18bac3ca-868c-fc43-3da5-4e613c1cda7f",
            "VlocityDataPackType": "VlocityMatchingKeyObject",
            "VlocityMatchingRecordSourceKey": "%vlocity_namespace%__Picklist__c/18bac3ca-868c-fc43-3da5-4e613c1cda7f",
            "VlocityRecordSObjectType": "%vlocity_namespace%__Picklist__c"
        },
        "%vlocity_namespace%__Sequence__c": 3,
        "%vlocity_namespace%__TextValue__c": "64GB",
        "%vlocity_namespace%__UnitOfMeasureName__c": "",
        "%vlocity_namespace%__Value__c": "64GB",
        "Name": "64GB",
        "VlocityDataPackType": "SObject",
        "VlocityRecordSObjectType": "%vlocity_namespace%__PicklistValue__c",
        "VlocityRecordSourceKey": "%vlocity_namespace%__PicklistValue__c/77fa8b09-3147-89d9-10f1-26b3bf2b4b93"
    }
]