{
    "%vlocity_namespace%__Code__c": "Memory",
    "%vlocity_namespace%__DataType__c": "Text",
    "%vlocity_namespace%__Description__c": "Memory",
    "%vlocity_namespace%__EffectiveFromDate__c": "",
    "%vlocity_namespace%__EffectiveUntilDate__c": "",
    "%vlocity_namespace%__GlobalGroupKey__c": "",
    "%vlocity_namespace%__GlobalKey__c": "18bac3ca-868c-fc43-3da5-4e613c1cda7f",
    "%vlocity_namespace%__IsActive__c": true,
    "%vlocity_namespace%__IsShared__c": false,
    "%vlocity_namespace%__LifecycleStatus__c": "",
    "%vlocity_namespace%__PicklistValue__c": "Memory_Values.json",
    "%vlocity_namespace%__Type__c": "",
    "%vlocity_namespace%__UnitOfMeasureName__c": "",
    "%vlocity_namespace%__VersionEndDateTime__c": "",
    "%vlocity_namespace%__VersionGlobalKey__c": "",
    "%vlocity_namespace%__VersionGroupKey__c": "",
    "%vlocity_namespace%__VersionLabel__c": "",
    "%vlocity_namespace%__VersionStartDateTime__c": "",
    "Name": "Memory",
    "VlocityDataPackType": "SObject",
    "VlocityRecordSObjectType": "%vlocity_namespace%__Picklist__c",
    "VlocityRecordSourceKey": "%vlocity_namespace%__Picklist__c/18bac3ca-868c-fc43-3da5-4e613c1cda7f"
}