{
    "%vlocity_namespace%__ApplicableSubType__c": "Product Attribute",
    "%vlocity_namespace%__ApplicableTypesFilter__c": "",
    "%vlocity_namespace%__ApplicableTypes__c": "Any;Product2",
    "%vlocity_namespace%__Attribute__c": "Mobile-Attributes_Attributes.json",
    "%vlocity_namespace%__Code__c": "f364744a-2251-b4cf-c9a7-36e320b05078",
    "%vlocity_namespace%__ColorCode__c": "",
    "%vlocity_namespace%__Description__c": "",
    "%vlocity_namespace%__DisplayFilter__c": false,
    "%vlocity_namespace%__DisplaySequence__c": 2,
    "%vlocity_namespace%__EffectiveFromDate__c": "",
    "%vlocity_namespace%__EffectiveUntilDate__c": "",
    "%vlocity_namespace%__GlobalKey__c": "f364744a-2251-b4cf-c9a7-36e320b05078",
    "%vlocity_namespace%__IndustryVertical__c": "",
    "%vlocity_namespace%__IsActive__c": true,
    "%vlocity_namespace%__IsPrivate__c": false,
    "%vlocity_namespace%__IsUserAttributesCreatedPrivate__c": false,
    "%vlocity_namespace%__LockedFlg__c": false,
    "%vlocity_namespace%__Status__c": "",
    "%vlocity_namespace%__UIControlType__c": "On-Off",
    "Name": "Mobile Attributes",
    "VlocityDataPackType": "SObject",
    "VlocityRecordSObjectType": "%vlocity_namespace%__AttributeCategory__c",
    "VlocityRecordSourceKey": "%vlocity_namespace%__AttributeCategory__c/f364744a-2251-b4cf-c9a7-36e320b05078"
}