{
    "%vlocity_namespace%__Code__c": "parameshPB",
    "%vlocity_namespace%__CountOfActiveEntries__c": 26,
    "%vlocity_namespace%__CurrencyCode__c": "USD",
    "%vlocity_namespace%__Description__c": "my price list",
    "%vlocity_namespace%__EffectiveFromDate__c": "2018-10-31T18:30:00.000Z",
    "%vlocity_namespace%__EffectiveUntilDate__c": "",
    "%vlocity_namespace%__GlobalKey__c": "cc3dd320-5281-ed75-8b18-085a65f096dd",
    "%vlocity_namespace%__IsActive__c": true,
    "%vlocity_namespace%__LoyaltyCode__c": "PTS",
    "%vlocity_namespace%__ParentPriceListId__c": "",
    "%vlocity_namespace%__Pricebook2Id__c": {
        "Name": "Standard",
        "VlocityDataPackType": "VlocityLookupMatchingKeyObject",
        "VlocityLookupRecordSourceKey": "Pricebook2/Standard",
        "VlocityRecordSObjectType": "Pricebook2"
    },
    "%vlocity_namespace%__PricingElement__c": "parameshPB_PricingElements.json",
    "%vlocity_namespace%__Sequence__c": "",
    "Name": "parameshPB",
    "VlocityDataPackType": "SObject",
    "VlocityRecordSObjectType": "%vlocity_namespace%__PriceList__c",
    "VlocityRecordSourceKey": "%vlocity_namespace%__PriceList__c/parameshPB"
}