[
    {
        "%vlocity_namespace%__AdjustmentValue__c": "",
        "%vlocity_namespace%__Amount__c": 0,
        "%vlocity_namespace%__CalculationType__c": "Simple",
        "%vlocity_namespace%__Code__c": "zero",
        "%vlocity_namespace%__CurrencyCode__c": "USD",
        "%vlocity_namespace%__DisplayText__c": "zero",
        "%vlocity_namespace%__EffectiveFromDate__c": "2019-10-31T18:30:00.000Z",
        "%vlocity_namespace%__EffectiveUntilDate__c": "",
        "%vlocity_namespace%__GlobalKey2__c": "7cb9e208-577f-d152-c3d5-29ac76e0ccb7",
        "%vlocity_namespace%__GlobalKey__c": "e30f7544-347b-726f-9293-7cc2a76bf05a",
        "%vlocity_namespace%__HelpText__c": "",
        "%vlocity_namespace%__IsActive__c": true,
        "%vlocity_namespace%__IsOverride__c": false,
        "%vlocity_namespace%__IsReusable__c": true,
        "%vlocity_namespace%__LoyaltyAmount__c": "",
        "%vlocity_namespace%__LoyaltyCode__c": "PTS",
        "%vlocity_namespace%__ObjectTypeId__c": {
            "%vlocity_namespace%__GlobalKey__c": "517349a3cdc1acf50617693e3ba33988",
            "VlocityDataPackType": "VlocityLookupMatchingKeyObject",
            "VlocityLookupRecordSourceKey": "%vlocity_namespace%__ObjectClass__c/517349a3cdc1acf50617693e3ba33988",
            "VlocityRecordSObjectType": "%vlocity_namespace%__ObjectClass__c"
        },
        "%vlocity_namespace%__OfferId__c": "",
        "%vlocity_namespace%__PerUsageAmount__c": 1,
        "%vlocity_namespace%__PerUsageMeasurementId__c": "",
        "%vlocity_namespace%__PerUsageUnitOfMeasure__c": "",
        "%vlocity_namespace%__PriceListId__c": {
            "%vlocity_namespace%__Code__c": "parameshPB",
            "VlocityDataPackType": "VlocityMatchingKeyObject",
            "VlocityMatchingRecordSourceKey": "%vlocity_namespace%__PriceList__c/parameshPB",
            "VlocityRecordSObjectType": "%vlocity_namespace%__PriceList__c"
        },
        "%vlocity_namespace%__PricingMatrixBindingData__c": "",
        "%vlocity_namespace%__PricingMatrixId__c": "",
        "%vlocity_namespace%__PricingVariableId__c": {
            "%vlocity_namespace%__Code__c": "OT_STD_PRC",
            "VlocityDataPackType": "VlocityLookupMatchingKeyObject",
            "VlocityLookupRecordSourceKey": "%vlocity_namespace%__PricingVariable__c/OT_STD_PRC",
            "VlocityRecordSObjectType": "%vlocity_namespace%__PricingVariable__c"
        },
        "%vlocity_namespace%__PricingVariableType__c": "Price",
        "%vlocity_namespace%__ProductId__c": "",
        "%vlocity_namespace%__PromotionId__c": "",
        "%vlocity_namespace%__RuleInfo__c": "",
        "%vlocity_namespace%__TimePlanId__c": "",
        "%vlocity_namespace%__VersionNumber__c": "aa475170-8504-1aa2-570b-2280226c875b",
        "Name": "zero",
        "VlocityDataPackType": "SObject",
        "VlocityRecordSObjectType": "%vlocity_namespace%__PricingElement__c",
        "VlocityRecordSourceKey": "%vlocity_namespace%__PricingElement__c/e30f7544-347b-726f-9293-7cc2a76bf05a"
    },
    {
        "%vlocity_namespace%__AdjustmentValue__c": "",
        "%vlocity_namespace%__Amount__c": 10,
        "%vlocity_namespace%__CalculationType__c": "Simple",
        "%vlocity_namespace%__Code__c": "2GBPackRecurring",
        "%vlocity_namespace%__CurrencyCode__c": "USD",
        "%vlocity_namespace%__DisplayText__c": "2GBPackRecurring",
        "%vlocity_namespace%__EffectiveFromDate__c": "2019-10-31T18:30:00.000Z",
        "%vlocity_namespace%__EffectiveUntilDate__c": "",
        "%vlocity_namespace%__GlobalKey2__c": "c5e5eadb-c6d0-821e-7ecd-e21772689322",
        "%vlocity_namespace%__GlobalKey__c": "6d19bd9e-359f-3772-6fa2-b99c87bd8278",
        "%vlocity_namespace%__HelpText__c": "",
        "%vlocity_namespace%__IsActive__c": true,
        "%vlocity_namespace%__IsOverride__c": false,
        "%vlocity_namespace%__IsReusable__c": true,
        "%vlocity_namespace%__LoyaltyAmount__c": "",
        "%vlocity_namespace%__LoyaltyCode__c": "PTS",
        "%vlocity_namespace%__ObjectTypeId__c": {
            "%vlocity_namespace%__GlobalKey__c": "517349a3cdc1acf50617693e3ba33988",
            "VlocityDataPackType": "VlocityLookupMatchingKeyObject",
            "VlocityLookupRecordSourceKey": "%vlocity_namespace%__ObjectClass__c/517349a3cdc1acf50617693e3ba33988",
            "VlocityRecordSObjectType": "%vlocity_namespace%__ObjectClass__c"
        },
        "%vlocity_namespace%__OfferId__c": "",
        "%vlocity_namespace%__PerUsageAmount__c": 1,
        "%vlocity_namespace%__PerUsageMeasurementId__c": "",
        "%vlocity_namespace%__PerUsageUnitOfMeasure__c": "",
        "%vlocity_namespace%__PriceListId__c": {
            "%vlocity_namespace%__Code__c": "parameshPB",
            "VlocityDataPackType": "VlocityMatchingKeyObject",
            "VlocityMatchingRecordSourceKey": "%vlocity_namespace%__PriceList__c/parameshPB",
            "VlocityRecordSObjectType": "%vlocity_namespace%__PriceList__c"
        },
        "%vlocity_namespace%__PricingMatrixBindingData__c": "",
        "%vlocity_namespace%__PricingMatrixId__c": "",
        "%vlocity_namespace%__PricingVariableId__c": {
            "%vlocity_namespace%__Code__c": "REC_MNTH_STD_PRC",
            "VlocityDataPackType": "VlocityLookupMatchingKeyObject",
            "VlocityLookupRecordSourceKey": "%vlocity_namespace%__PricingVariable__c/REC_MNTH_STD_PRC",
            "VlocityRecordSObjectType": "%vlocity_namespace%__PricingVariable__c"
        },
        "%vlocity_namespace%__PricingVariableType__c": "Price",
        "%vlocity_namespace%__ProductId__c": "",
        "%vlocity_namespace%__PromotionId__c": "",
        "%vlocity_namespace%__RuleInfo__c": "",
        "%vlocity_namespace%__TimePlanId__c": "",
        "%vlocity_namespace%__VersionNumber__c": "1c2ead9d-c384-c7c0-4149-9646d771b88a",
        "Name": "2GBPackRecurring",
        "VlocityDataPackType": "SObject",
        "VlocityRecordSObjectType": "%vlocity_namespace%__PricingElement__c",
        "VlocityRecordSourceKey": "%vlocity_namespace%__PricingElement__c/6d19bd9e-359f-3772-6fa2-b99c87bd8278"
    },
    {
        "%vlocity_namespace%__AdjustmentValue__c": "",
        "%vlocity_namespace%__Amount__c": 1099,
        "%vlocity_namespace%__CalculationType__c": "Simple",
        "%vlocity_namespace%__Code__c": "iphone11ProOneTime",
        "%vlocity_namespace%__CurrencyCode__c": "USD",
        "%vlocity_namespace%__DisplayText__c": "iphone11ProOneTime",
        "%vlocity_namespace%__EffectiveFromDate__c": "2019-10-31T18:30:00.000Z",
        "%vlocity_namespace%__EffectiveUntilDate__c": "",
        "%vlocity_namespace%__GlobalKey2__c": "996e6ac4-8fd8-3e62-b727-0035cda4dcf4",
        "%vlocity_namespace%__GlobalKey__c": "f494d8d8-d692-7be4-6f6b-27809e7b162b",
        "%vlocity_namespace%__HelpText__c": "",
        "%vlocity_namespace%__IsActive__c": true,
        "%vlocity_namespace%__IsOverride__c": false,
        "%vlocity_namespace%__IsReusable__c": true,
        "%vlocity_namespace%__LoyaltyAmount__c": "",
        "%vlocity_namespace%__LoyaltyCode__c": "PTS",
        "%vlocity_namespace%__ObjectTypeId__c": {
            "%vlocity_namespace%__GlobalKey__c": "517349a3cdc1acf50617693e3ba33988",
            "VlocityDataPackType": "VlocityLookupMatchingKeyObject",
            "VlocityLookupRecordSourceKey": "%vlocity_namespace%__ObjectClass__c/517349a3cdc1acf50617693e3ba33988",
            "VlocityRecordSObjectType": "%vlocity_namespace%__ObjectClass__c"
        },
        "%vlocity_namespace%__OfferId__c": "",
        "%vlocity_namespace%__PerUsageAmount__c": 1,
        "%vlocity_namespace%__PerUsageMeasurementId__c": "",
        "%vlocity_namespace%__PerUsageUnitOfMeasure__c": "",
        "%vlocity_namespace%__PriceListId__c": {
            "%vlocity_namespace%__Code__c": "parameshPB",
            "VlocityDataPackType": "VlocityMatchingKeyObject",
            "VlocityMatchingRecordSourceKey": "%vlocity_namespace%__PriceList__c/parameshPB",
            "VlocityRecordSObjectType": "%vlocity_namespace%__PriceList__c"
        },
        "%vlocity_namespace%__PricingMatrixBindingData__c": "",
        "%vlocity_namespace%__PricingMatrixId__c": "",
        "%vlocity_namespace%__PricingVariableId__c": {
            "%vlocity_namespace%__Code__c": "OT_STD_PRC",
            "VlocityDataPackType": "VlocityLookupMatchingKeyObject",
            "VlocityLookupRecordSourceKey": "%vlocity_namespace%__PricingVariable__c/OT_STD_PRC",
            "VlocityRecordSObjectType": "%vlocity_namespace%__PricingVariable__c"
        },
        "%vlocity_namespace%__PricingVariableType__c": "Price",
        "%vlocity_namespace%__ProductId__c": "",
        "%vlocity_namespace%__PromotionId__c": "",
        "%vlocity_namespace%__RuleInfo__c": "",
        "%vlocity_namespace%__TimePlanId__c": "",
        "%vlocity_namespace%__VersionNumber__c": "56b161b1-1c97-cdf0-99c2-89a399ebdd9b",
        "Name": "iphone11ProOneTime",
        "VlocityDataPackType": "SObject",
        "VlocityRecordSObjectType": "%vlocity_namespace%__PricingElement__c",
        "VlocityRecordSourceKey": "%vlocity_namespace%__PricingElement__c/f494d8d8-d692-7be4-6f6b-27809e7b162b"
    },
    {
        "%vlocity_namespace%__AdjustmentValue__c": "",
        "%vlocity_namespace%__Amount__c": 144.95,
        "%vlocity_namespace%__CalculationType__c": "Simple",
        "%vlocity_namespace%__Code__c": "airpodsOneTimeCharge",
        "%vlocity_namespace%__CurrencyCode__c": "USD",
        "%vlocity_namespace%__DisplayText__c": "airpodsOneTimeCharge",
        "%vlocity_namespace%__EffectiveFromDate__c": "2019-10-31T18:30:00.000Z",
        "%vlocity_namespace%__EffectiveUntilDate__c": "",
        "%vlocity_namespace%__GlobalKey2__c": "4f932980-6507-8ce9-1ade-2b1d53691526",
        "%vlocity_namespace%__GlobalKey__c": "d45c1d65-b80b-69fa-f83d-28d4d66e832d",
        "%vlocity_namespace%__HelpText__c": "",
        "%vlocity_namespace%__IsActive__c": true,
        "%vlocity_namespace%__IsOverride__c": false,
        "%vlocity_namespace%__IsReusable__c": true,
        "%vlocity_namespace%__LoyaltyAmount__c": "",
        "%vlocity_namespace%__LoyaltyCode__c": "PTS",
        "%vlocity_namespace%__ObjectTypeId__c": {
            "%vlocity_namespace%__GlobalKey__c": "517349a3cdc1acf50617693e3ba33988",
            "VlocityDataPackType": "VlocityLookupMatchingKeyObject",
            "VlocityLookupRecordSourceKey": "%vlocity_namespace%__ObjectClass__c/517349a3cdc1acf50617693e3ba33988",
            "VlocityRecordSObjectType": "%vlocity_namespace%__ObjectClass__c"
        },
        "%vlocity_namespace%__OfferId__c": "",
        "%vlocity_namespace%__PerUsageAmount__c": 1,
        "%vlocity_namespace%__PerUsageMeasurementId__c": "",
        "%vlocity_namespace%__PerUsageUnitOfMeasure__c": "",
        "%vlocity_namespace%__PriceListId__c": {
            "%vlocity_namespace%__Code__c": "parameshPB",
            "VlocityDataPackType": "VlocityMatchingKeyObject",
            "VlocityMatchingRecordSourceKey": "%vlocity_namespace%__PriceList__c/parameshPB",
            "VlocityRecordSObjectType": "%vlocity_namespace%__PriceList__c"
        },
        "%vlocity_namespace%__PricingMatrixBindingData__c": "",
        "%vlocity_namespace%__PricingMatrixId__c": "",
        "%vlocity_namespace%__PricingVariableId__c": {
            "%vlocity_namespace%__Code__c": "OT_STD_PRC",
            "VlocityDataPackType": "VlocityLookupMatchingKeyObject",
            "VlocityLookupRecordSourceKey": "%vlocity_namespace%__PricingVariable__c/OT_STD_PRC",
            "VlocityRecordSObjectType": "%vlocity_namespace%__PricingVariable__c"
        },
        "%vlocity_namespace%__PricingVariableType__c": "Price",
        "%vlocity_namespace%__ProductId__c": "",
        "%vlocity_namespace%__PromotionId__c": "",
        "%vlocity_namespace%__RuleInfo__c": "",
        "%vlocity_namespace%__TimePlanId__c": "",
        "%vlocity_namespace%__VersionNumber__c": "5d286bd9-07ba-e71f-e3f7-0b6b64d9be04",
        "Name": "airpodsOneTimeCharge",
        "VlocityDataPackType": "SObject",
        "VlocityRecordSObjectType": "%vlocity_namespace%__PricingElement__c",
        "VlocityRecordSourceKey": "%vlocity_namespace%__PricingElement__c/d45c1d65-b80b-69fa-f83d-28d4d66e832d"
    },
    {
        "%vlocity_namespace%__AdjustmentValue__c": "",
        "%vlocity_namespace%__Amount__c": 15,
        "%vlocity_namespace%__CalculationType__c": "Simple",
        "%vlocity_namespace%__Code__c": "iPhoneCaseOneTime",
        "%vlocity_namespace%__CurrencyCode__c": "USD",
        "%vlocity_namespace%__DisplayText__c": "iPhoneCaseOneTime",
        "%vlocity_namespace%__EffectiveFromDate__c": "2019-10-31T18:30:00.000Z",
        "%vlocity_namespace%__EffectiveUntilDate__c": "",
        "%vlocity_namespace%__GlobalKey2__c": "75f0a9dc-87aa-8624-f03c-8adbe056b4ad",
        "%vlocity_namespace%__GlobalKey__c": "1e0c9c59-baf1-98fa-b7bb-b45768e73a25",
        "%vlocity_namespace%__HelpText__c": "",
        "%vlocity_namespace%__IsActive__c": true,
        "%vlocity_namespace%__IsOverride__c": false,
        "%vlocity_namespace%__IsReusable__c": true,
        "%vlocity_namespace%__LoyaltyAmount__c": "",
        "%vlocity_namespace%__LoyaltyCode__c": "PTS",
        "%vlocity_namespace%__ObjectTypeId__c": {
            "%vlocity_namespace%__GlobalKey__c": "517349a3cdc1acf50617693e3ba33988",
            "VlocityDataPackType": "VlocityLookupMatchingKeyObject",
            "VlocityLookupRecordSourceKey": "%vlocity_namespace%__ObjectClass__c/517349a3cdc1acf50617693e3ba33988",
            "VlocityRecordSObjectType": "%vlocity_namespace%__ObjectClass__c"
        },
        "%vlocity_namespace%__OfferId__c": "",
        "%vlocity_namespace%__PerUsageAmount__c": 1,
        "%vlocity_namespace%__PerUsageMeasurementId__c": "",
        "%vlocity_namespace%__PerUsageUnitOfMeasure__c": "",
        "%vlocity_namespace%__PriceListId__c": {
            "%vlocity_namespace%__Code__c": "parameshPB",
            "VlocityDataPackType": "VlocityMatchingKeyObject",
            "VlocityMatchingRecordSourceKey": "%vlocity_namespace%__PriceList__c/parameshPB",
            "VlocityRecordSObjectType": "%vlocity_namespace%__PriceList__c"
        },
        "%vlocity_namespace%__PricingMatrixBindingData__c": "",
        "%vlocity_namespace%__PricingMatrixId__c": "",
        "%vlocity_namespace%__PricingVariableId__c": {
            "%vlocity_namespace%__Code__c": "OT_STD_PRC",
            "VlocityDataPackType": "VlocityLookupMatchingKeyObject",
            "VlocityLookupRecordSourceKey": "%vlocity_namespace%__PricingVariable__c/OT_STD_PRC",
            "VlocityRecordSObjectType": "%vlocity_namespace%__PricingVariable__c"
        },
        "%vlocity_namespace%__PricingVariableType__c": "Price",
        "%vlocity_namespace%__ProductId__c": "",
        "%vlocity_namespace%__PromotionId__c": "",
        "%vlocity_namespace%__RuleInfo__c": "",
        "%vlocity_namespace%__TimePlanId__c": "",
        "%vlocity_namespace%__VersionNumber__c": "76d37724-624d-d8bd-158b-d2eb688f9504",
        "Name": "iPhoneCaseOneTime",
        "VlocityDataPackType": "SObject",
        "VlocityRecordSObjectType": "%vlocity_namespace%__PricingElement__c",
        "VlocityRecordSourceKey": "%vlocity_namespace%__PricingElement__c/1e0c9c59-baf1-98fa-b7bb-b45768e73a25"
    },
    {
        "%vlocity_namespace%__AdjustmentValue__c": "",
        "%vlocity_namespace%__Amount__c": 20.99,
        "%vlocity_namespace%__CalculationType__c": "Simple",
        "%vlocity_namespace%__Code__c": "BeatsEarphoneOneTime",
        "%vlocity_namespace%__CurrencyCode__c": "USD",
        "%vlocity_namespace%__DisplayText__c": "BeatsEarphoneOneTime",
        "%vlocity_namespace%__EffectiveFromDate__c": "2019-10-31T18:30:00.000Z",
        "%vlocity_namespace%__EffectiveUntilDate__c": "",
        "%vlocity_namespace%__GlobalKey2__c": "35227d71-d283-7755-8f3f-5c1674616bfb",
        "%vlocity_namespace%__GlobalKey__c": "ef55be82-c6f8-f9d3-5855-f84cf14f0d1b",
        "%vlocity_namespace%__HelpText__c": "",
        "%vlocity_namespace%__IsActive__c": true,
        "%vlocity_namespace%__IsOverride__c": false,
        "%vlocity_namespace%__IsReusable__c": true,
        "%vlocity_namespace%__LoyaltyAmount__c": "",
        "%vlocity_namespace%__LoyaltyCode__c": "PTS",
        "%vlocity_namespace%__ObjectTypeId__c": {
            "%vlocity_namespace%__GlobalKey__c": "517349a3cdc1acf50617693e3ba33988",
            "VlocityDataPackType": "VlocityLookupMatchingKeyObject",
            "VlocityLookupRecordSourceKey": "%vlocity_namespace%__ObjectClass__c/517349a3cdc1acf50617693e3ba33988",
            "VlocityRecordSObjectType": "%vlocity_namespace%__ObjectClass__c"
        },
        "%vlocity_namespace%__OfferId__c": "",
        "%vlocity_namespace%__PerUsageAmount__c": 1,
        "%vlocity_namespace%__PerUsageMeasurementId__c": "",
        "%vlocity_namespace%__PerUsageUnitOfMeasure__c": "",
        "%vlocity_namespace%__PriceListId__c": {
            "%vlocity_namespace%__Code__c": "parameshPB",
            "VlocityDataPackType": "VlocityMatchingKeyObject",
            "VlocityMatchingRecordSourceKey": "%vlocity_namespace%__PriceList__c/parameshPB",
            "VlocityRecordSObjectType": "%vlocity_namespace%__PriceList__c"
        },
        "%vlocity_namespace%__PricingMatrixBindingData__c": "",
        "%vlocity_namespace%__PricingMatrixId__c": "",
        "%vlocity_namespace%__PricingVariableId__c": {
            "%vlocity_namespace%__Code__c": "OT_STD_PRC",
            "VlocityDataPackType": "VlocityLookupMatchingKeyObject",
            "VlocityLookupRecordSourceKey": "%vlocity_namespace%__PricingVariable__c/OT_STD_PRC",
            "VlocityRecordSObjectType": "%vlocity_namespace%__PricingVariable__c"
        },
        "%vlocity_namespace%__PricingVariableType__c": "Price",
        "%vlocity_namespace%__ProductId__c": "",
        "%vlocity_namespace%__PromotionId__c": "",
        "%vlocity_namespace%__RuleInfo__c": "",
        "%vlocity_namespace%__TimePlanId__c": "",
        "%vlocity_namespace%__VersionNumber__c": "85a070d7-7d11-763c-4554-479b0ecaa4fe",
        "Name": "BeatsEarphoneOneTime",
        "VlocityDataPackType": "SObject",
        "VlocityRecordSObjectType": "%vlocity_namespace%__PricingElement__c",
        "VlocityRecordSourceKey": "%vlocity_namespace%__PricingElement__c/ef55be82-c6f8-f9d3-5855-f84cf14f0d1b"
    },
    {
        "%vlocity_namespace%__AdjustmentValue__c": "",
        "%vlocity_namespace%__Amount__c": 3,
        "%vlocity_namespace%__CalculationType__c": "Simple",
        "%vlocity_namespace%__Code__c": "BeatsEarphoneRecurring",
        "%vlocity_namespace%__CurrencyCode__c": "USD",
        "%vlocity_namespace%__DisplayText__c": "BeatsEarphoneRecurring",
        "%vlocity_namespace%__EffectiveFromDate__c": "2019-10-31T18:30:00.000Z",
        "%vlocity_namespace%__EffectiveUntilDate__c": "",
        "%vlocity_namespace%__GlobalKey2__c": "aa255b3b-7562-b81c-aba4-ba6a24d77e10",
        "%vlocity_namespace%__GlobalKey__c": "41a62ef0-0443-40cf-f9e5-33f17f60ca31",
        "%vlocity_namespace%__HelpText__c": "",
        "%vlocity_namespace%__IsActive__c": true,
        "%vlocity_namespace%__IsOverride__c": false,
        "%vlocity_namespace%__IsReusable__c": true,
        "%vlocity_namespace%__LoyaltyAmount__c": "",
        "%vlocity_namespace%__LoyaltyCode__c": "PTS",
        "%vlocity_namespace%__ObjectTypeId__c": {
            "%vlocity_namespace%__GlobalKey__c": "517349a3cdc1acf50617693e3ba33988",
            "VlocityDataPackType": "VlocityLookupMatchingKeyObject",
            "VlocityLookupRecordSourceKey": "%vlocity_namespace%__ObjectClass__c/517349a3cdc1acf50617693e3ba33988",
            "VlocityRecordSObjectType": "%vlocity_namespace%__ObjectClass__c"
        },
        "%vlocity_namespace%__OfferId__c": "",
        "%vlocity_namespace%__PerUsageAmount__c": 1,
        "%vlocity_namespace%__PerUsageMeasurementId__c": "",
        "%vlocity_namespace%__PerUsageUnitOfMeasure__c": "",
        "%vlocity_namespace%__PriceListId__c": {
            "%vlocity_namespace%__Code__c": "parameshPB",
            "VlocityDataPackType": "VlocityMatchingKeyObject",
            "VlocityMatchingRecordSourceKey": "%vlocity_namespace%__PriceList__c/parameshPB",
            "VlocityRecordSObjectType": "%vlocity_namespace%__PriceList__c"
        },
        "%vlocity_namespace%__PricingMatrixBindingData__c": "",
        "%vlocity_namespace%__PricingMatrixId__c": "",
        "%vlocity_namespace%__PricingVariableId__c": {
            "%vlocity_namespace%__Code__c": "REC_MNTH_STD_PRC",
            "VlocityDataPackType": "VlocityLookupMatchingKeyObject",
            "VlocityLookupRecordSourceKey": "%vlocity_namespace%__PricingVariable__c/REC_MNTH_STD_PRC",
            "VlocityRecordSObjectType": "%vlocity_namespace%__PricingVariable__c"
        },
        "%vlocity_namespace%__PricingVariableType__c": "Price",
        "%vlocity_namespace%__ProductId__c": "",
        "%vlocity_namespace%__PromotionId__c": "",
        "%vlocity_namespace%__RuleInfo__c": "",
        "%vlocity_namespace%__TimePlanId__c": "",
        "%vlocity_namespace%__VersionNumber__c": "ac5afac5-db47-5ad5-ce71-f8fc18281b38",
        "Name": "BeatsEarphoneRecurring",
        "VlocityDataPackType": "SObject",
        "VlocityRecordSObjectType": "%vlocity_namespace%__PricingElement__c",
        "VlocityRecordSourceKey": "%vlocity_namespace%__PricingElement__c/41a62ef0-0443-40cf-f9e5-33f17f60ca31"
    },
    {
        "%vlocity_namespace%__AdjustmentValue__c": "",
        "%vlocity_namespace%__Amount__c": 39,
        "%vlocity_namespace%__CalculationType__c": "Simple",
        "%vlocity_namespace%__Code__c": "national150",
        "%vlocity_namespace%__CurrencyCode__c": "USD",
        "%vlocity_namespace%__DisplayText__c": "national150",
        "%vlocity_namespace%__EffectiveFromDate__c": "2019-10-31T18:30:00.000Z",
        "%vlocity_namespace%__EffectiveUntilDate__c": "",
        "%vlocity_namespace%__GlobalKey2__c": "328793ab-78df-3497-a5cc-1aee627ec24c",
        "%vlocity_namespace%__GlobalKey__c": "fd0584e3-3670-5874-943b-c15022083e5e",
        "%vlocity_namespace%__HelpText__c": "",
        "%vlocity_namespace%__IsActive__c": true,
        "%vlocity_namespace%__IsOverride__c": false,
        "%vlocity_namespace%__IsReusable__c": true,
        "%vlocity_namespace%__LoyaltyAmount__c": "",
        "%vlocity_namespace%__LoyaltyCode__c": "PTS",
        "%vlocity_namespace%__ObjectTypeId__c": {
            "%vlocity_namespace%__GlobalKey__c": "517349a3cdc1acf50617693e3ba33988",
            "VlocityDataPackType": "VlocityLookupMatchingKeyObject",
            "VlocityLookupRecordSourceKey": "%vlocity_namespace%__ObjectClass__c/517349a3cdc1acf50617693e3ba33988",
            "VlocityRecordSObjectType": "%vlocity_namespace%__ObjectClass__c"
        },
        "%vlocity_namespace%__OfferId__c": "",
        "%vlocity_namespace%__PerUsageAmount__c": 1,
        "%vlocity_namespace%__PerUsageMeasurementId__c": "",
        "%vlocity_namespace%__PerUsageUnitOfMeasure__c": "",
        "%vlocity_namespace%__PriceListId__c": {
            "%vlocity_namespace%__Code__c": "parameshPB",
            "VlocityDataPackType": "VlocityMatchingKeyObject",
            "VlocityMatchingRecordSourceKey": "%vlocity_namespace%__PriceList__c/parameshPB",
            "VlocityRecordSObjectType": "%vlocity_namespace%__PriceList__c"
        },
        "%vlocity_namespace%__PricingMatrixBindingData__c": "",
        "%vlocity_namespace%__PricingMatrixId__c": "",
        "%vlocity_namespace%__PricingVariableId__c": {
            "%vlocity_namespace%__Code__c": "OT_STD_PRC",
            "VlocityDataPackType": "VlocityLookupMatchingKeyObject",
            "VlocityLookupRecordSourceKey": "%vlocity_namespace%__PricingVariable__c/OT_STD_PRC",
            "VlocityRecordSObjectType": "%vlocity_namespace%__PricingVariable__c"
        },
        "%vlocity_namespace%__PricingVariableType__c": "Price",
        "%vlocity_namespace%__ProductId__c": "",
        "%vlocity_namespace%__PromotionId__c": "",
        "%vlocity_namespace%__RuleInfo__c": "",
        "%vlocity_namespace%__TimePlanId__c": "",
        "%vlocity_namespace%__VersionNumber__c": "b77de81b-533a-fa5b-9724-7911356f389c",
        "Name": "national150",
        "VlocityDataPackType": "SObject",
        "VlocityRecordSObjectType": "%vlocity_namespace%__PricingElement__c",
        "VlocityRecordSourceKey": "%vlocity_namespace%__PricingElement__c/fd0584e3-3670-5874-943b-c15022083e5e"
    },
    {
        "%vlocity_namespace%__AdjustmentValue__c": "",
        "%vlocity_namespace%__Amount__c": 40,
        "%vlocity_namespace%__CalculationType__c": "Simple",
        "%vlocity_namespace%__Code__c": "1.5GBPackOneTime",
        "%vlocity_namespace%__CurrencyCode__c": "USD",
        "%vlocity_namespace%__DisplayText__c": "1.5GBPackOneTime",
        "%vlocity_namespace%__EffectiveFromDate__c": "2019-10-31T18:30:00.000Z",
        "%vlocity_namespace%__EffectiveUntilDate__c": "",
        "%vlocity_namespace%__GlobalKey2__c": "c29725f3-3251-3e05-b68f-67cdd3053431",
        "%vlocity_namespace%__GlobalKey__c": "d54afc64-7dfc-3e55-c291-1834623352c9",
        "%vlocity_namespace%__HelpText__c": "",
        "%vlocity_namespace%__IsActive__c": true,
        "%vlocity_namespace%__IsOverride__c": false,
        "%vlocity_namespace%__IsReusable__c": true,
        "%vlocity_namespace%__LoyaltyAmount__c": "",
        "%vlocity_namespace%__LoyaltyCode__c": "PTS",
        "%vlocity_namespace%__ObjectTypeId__c": {
            "%vlocity_namespace%__GlobalKey__c": "517349a3cdc1acf50617693e3ba33988",
            "VlocityDataPackType": "VlocityLookupMatchingKeyObject",
            "VlocityLookupRecordSourceKey": "%vlocity_namespace%__ObjectClass__c/517349a3cdc1acf50617693e3ba33988",
            "VlocityRecordSObjectType": "%vlocity_namespace%__ObjectClass__c"
        },
        "%vlocity_namespace%__OfferId__c": "",
        "%vlocity_namespace%__PerUsageAmount__c": 1,
        "%vlocity_namespace%__PerUsageMeasurementId__c": "",
        "%vlocity_namespace%__PerUsageUnitOfMeasure__c": "",
        "%vlocity_namespace%__PriceListId__c": {
            "%vlocity_namespace%__Code__c": "parameshPB",
            "VlocityDataPackType": "VlocityMatchingKeyObject",
            "VlocityMatchingRecordSourceKey": "%vlocity_namespace%__PriceList__c/parameshPB",
            "VlocityRecordSObjectType": "%vlocity_namespace%__PriceList__c"
        },
        "%vlocity_namespace%__PricingMatrixBindingData__c": "",
        "%vlocity_namespace%__PricingMatrixId__c": "",
        "%vlocity_namespace%__PricingVariableId__c": {
            "%vlocity_namespace%__Code__c": "OT_STD_PRC",
            "VlocityDataPackType": "VlocityLookupMatchingKeyObject",
            "VlocityLookupRecordSourceKey": "%vlocity_namespace%__PricingVariable__c/OT_STD_PRC",
            "VlocityRecordSObjectType": "%vlocity_namespace%__PricingVariable__c"
        },
        "%vlocity_namespace%__PricingVariableType__c": "Price",
        "%vlocity_namespace%__ProductId__c": "",
        "%vlocity_namespace%__PromotionId__c": "",
        "%vlocity_namespace%__RuleInfo__c": "",
        "%vlocity_namespace%__TimePlanId__c": "",
        "%vlocity_namespace%__VersionNumber__c": "dc00ec63-8e18-4634-c0ac-9bc9ddf11648",
        "Name": "1.5GBPackOneTime",
        "VlocityDataPackType": "SObject",
        "VlocityRecordSObjectType": "%vlocity_namespace%__PricingElement__c",
        "VlocityRecordSourceKey": "%vlocity_namespace%__PricingElement__c/d54afc64-7dfc-3e55-c291-1834623352c9"
    },
    {
        "%vlocity_namespace%__AdjustmentValue__c": "",
        "%vlocity_namespace%__Amount__c": 49,
        "%vlocity_namespace%__CalculationType__c": "Simple",
        "%vlocity_namespace%__Code__c": "iPhone11Recurring",
        "%vlocity_namespace%__CurrencyCode__c": "USD",
        "%vlocity_namespace%__DisplayText__c": "iPhone11Recurring",
        "%vlocity_namespace%__EffectiveFromDate__c": "2019-10-31T18:30:00.000Z",
        "%vlocity_namespace%__EffectiveUntilDate__c": "",
        "%vlocity_namespace%__GlobalKey2__c": "15083ba5-e6e5-1995-da09-4a67ced8d9c4",
        "%vlocity_namespace%__GlobalKey__c": "bca50339-34f4-a8cd-ad7c-6ea86b6f5da6",
        "%vlocity_namespace%__HelpText__c": "",
        "%vlocity_namespace%__IsActive__c": true,
        "%vlocity_namespace%__IsOverride__c": false,
        "%vlocity_namespace%__IsReusable__c": true,
        "%vlocity_namespace%__LoyaltyAmount__c": "",
        "%vlocity_namespace%__LoyaltyCode__c": "PTS",
        "%vlocity_namespace%__ObjectTypeId__c": {
            "%vlocity_namespace%__GlobalKey__c": "517349a3cdc1acf50617693e3ba33988",
            "VlocityDataPackType": "VlocityLookupMatchingKeyObject",
            "VlocityLookupRecordSourceKey": "%vlocity_namespace%__ObjectClass__c/517349a3cdc1acf50617693e3ba33988",
            "VlocityRecordSObjectType": "%vlocity_namespace%__ObjectClass__c"
        },
        "%vlocity_namespace%__OfferId__c": "",
        "%vlocity_namespace%__PerUsageAmount__c": 1,
        "%vlocity_namespace%__PerUsageMeasurementId__c": "",
        "%vlocity_namespace%__PerUsageUnitOfMeasure__c": "",
        "%vlocity_namespace%__PriceListId__c": {
            "%vlocity_namespace%__Code__c": "parameshPB",
            "VlocityDataPackType": "VlocityMatchingKeyObject",
            "VlocityMatchingRecordSourceKey": "%vlocity_namespace%__PriceList__c/parameshPB",
            "VlocityRecordSObjectType": "%vlocity_namespace%__PriceList__c"
        },
        "%vlocity_namespace%__PricingMatrixBindingData__c": "",
        "%vlocity_namespace%__PricingMatrixId__c": "",
        "%vlocity_namespace%__PricingVariableId__c": {
            "%vlocity_namespace%__Code__c": "REC_MNTH_STD_PRC",
            "VlocityDataPackType": "VlocityLookupMatchingKeyObject",
            "VlocityLookupRecordSourceKey": "%vlocity_namespace%__PricingVariable__c/REC_MNTH_STD_PRC",
            "VlocityRecordSObjectType": "%vlocity_namespace%__PricingVariable__c"
        },
        "%vlocity_namespace%__PricingVariableType__c": "Price",
        "%vlocity_namespace%__ProductId__c": "",
        "%vlocity_namespace%__PromotionId__c": "",
        "%vlocity_namespace%__RuleInfo__c": "",
        "%vlocity_namespace%__TimePlanId__c": "",
        "%vlocity_namespace%__VersionNumber__c": "5eafc920-d42c-cd80-4d60-eeaca0025e7b",
        "Name": "iPhone11Recurring",
        "VlocityDataPackType": "SObject",
        "VlocityRecordSObjectType": "%vlocity_namespace%__PricingElement__c",
        "VlocityRecordSourceKey": "%vlocity_namespace%__PricingElement__c/bca50339-34f4-a8cd-ad7c-6ea86b6f5da6"
    },
    {
        "%vlocity_namespace%__AdjustmentValue__c": "",
        "%vlocity_namespace%__Amount__c": 49,
        "%vlocity_namespace%__CalculationType__c": "Simple",
        "%vlocity_namespace%__Code__c": "longTermRecurring",
        "%vlocity_namespace%__CurrencyCode__c": "USD",
        "%vlocity_namespace%__DisplayText__c": "longTermRecurring",
        "%vlocity_namespace%__EffectiveFromDate__c": "2019-10-31T18:30:00.000Z",
        "%vlocity_namespace%__EffectiveUntilDate__c": "",
        "%vlocity_namespace%__GlobalKey2__c": "cb0a6158-50e3-af13-7c48-ccc1efa46cd1",
        "%vlocity_namespace%__GlobalKey__c": "56d5274c-9ace-03fe-7112-427d13456bf0",
        "%vlocity_namespace%__HelpText__c": "",
        "%vlocity_namespace%__IsActive__c": true,
        "%vlocity_namespace%__IsOverride__c": false,
        "%vlocity_namespace%__IsReusable__c": true,
        "%vlocity_namespace%__LoyaltyAmount__c": "",
        "%vlocity_namespace%__LoyaltyCode__c": "PTS",
        "%vlocity_namespace%__ObjectTypeId__c": {
            "%vlocity_namespace%__GlobalKey__c": "517349a3cdc1acf50617693e3ba33988",
            "VlocityDataPackType": "VlocityLookupMatchingKeyObject",
            "VlocityLookupRecordSourceKey": "%vlocity_namespace%__ObjectClass__c/517349a3cdc1acf50617693e3ba33988",
            "VlocityRecordSObjectType": "%vlocity_namespace%__ObjectClass__c"
        },
        "%vlocity_namespace%__OfferId__c": "",
        "%vlocity_namespace%__PerUsageAmount__c": 1,
        "%vlocity_namespace%__PerUsageMeasurementId__c": "",
        "%vlocity_namespace%__PerUsageUnitOfMeasure__c": "",
        "%vlocity_namespace%__PriceListId__c": {
            "%vlocity_namespace%__Code__c": "parameshPB",
            "VlocityDataPackType": "VlocityMatchingKeyObject",
            "VlocityMatchingRecordSourceKey": "%vlocity_namespace%__PriceList__c/parameshPB",
            "VlocityRecordSObjectType": "%vlocity_namespace%__PriceList__c"
        },
        "%vlocity_namespace%__PricingMatrixBindingData__c": "",
        "%vlocity_namespace%__PricingMatrixId__c": "",
        "%vlocity_namespace%__PricingVariableId__c": {
            "%vlocity_namespace%__Code__c": "REC_MNTH_STD_PRC",
            "VlocityDataPackType": "VlocityLookupMatchingKeyObject",
            "VlocityLookupRecordSourceKey": "%vlocity_namespace%__PricingVariable__c/REC_MNTH_STD_PRC",
            "VlocityRecordSObjectType": "%vlocity_namespace%__PricingVariable__c"
        },
        "%vlocity_namespace%__PricingVariableType__c": "Price",
        "%vlocity_namespace%__ProductId__c": "",
        "%vlocity_namespace%__PromotionId__c": "",
        "%vlocity_namespace%__RuleInfo__c": "",
        "%vlocity_namespace%__TimePlanId__c": "",
        "%vlocity_namespace%__VersionNumber__c": "1f7c685d-792d-bd7d-513f-020719c282e4",
        "Name": "longTermRecurring",
        "VlocityDataPackType": "SObject",
        "VlocityRecordSObjectType": "%vlocity_namespace%__PricingElement__c",
        "VlocityRecordSourceKey": "%vlocity_namespace%__PricingElement__c/56d5274c-9ace-03fe-7112-427d13456bf0"
    },
    {
        "%vlocity_namespace%__AdjustmentValue__c": "",
        "%vlocity_namespace%__Amount__c": 499,
        "%vlocity_namespace%__CalculationType__c": "Simple",
        "%vlocity_namespace%__Code__c": "longTermOneTime",
        "%vlocity_namespace%__CurrencyCode__c": "USD",
        "%vlocity_namespace%__DisplayText__c": "longTermOneTime",
        "%vlocity_namespace%__EffectiveFromDate__c": "2019-10-31T18:30:00.000Z",
        "%vlocity_namespace%__EffectiveUntilDate__c": "",
        "%vlocity_namespace%__GlobalKey2__c": "d530fb8f-a333-87d8-751a-5086ff8fce07",
        "%vlocity_namespace%__GlobalKey__c": "04e5732a-ae82-1fd2-bd13-7f0e0f351431",
        "%vlocity_namespace%__HelpText__c": "",
        "%vlocity_namespace%__IsActive__c": true,
        "%vlocity_namespace%__IsOverride__c": false,
        "%vlocity_namespace%__IsReusable__c": true,
        "%vlocity_namespace%__LoyaltyAmount__c": "",
        "%vlocity_namespace%__LoyaltyCode__c": "PTS",
        "%vlocity_namespace%__ObjectTypeId__c": {
            "%vlocity_namespace%__GlobalKey__c": "517349a3cdc1acf50617693e3ba33988",
            "VlocityDataPackType": "VlocityLookupMatchingKeyObject",
            "VlocityLookupRecordSourceKey": "%vlocity_namespace%__ObjectClass__c/517349a3cdc1acf50617693e3ba33988",
            "VlocityRecordSObjectType": "%vlocity_namespace%__ObjectClass__c"
        },
        "%vlocity_namespace%__OfferId__c": "",
        "%vlocity_namespace%__PerUsageAmount__c": 1,
        "%vlocity_namespace%__PerUsageMeasurementId__c": "",
        "%vlocity_namespace%__PerUsageUnitOfMeasure__c": "",
        "%vlocity_namespace%__PriceListId__c": {
            "%vlocity_namespace%__Code__c": "parameshPB",
            "VlocityDataPackType": "VlocityMatchingKeyObject",
            "VlocityMatchingRecordSourceKey": "%vlocity_namespace%__PriceList__c/parameshPB",
            "VlocityRecordSObjectType": "%vlocity_namespace%__PriceList__c"
        },
        "%vlocity_namespace%__PricingMatrixBindingData__c": "",
        "%vlocity_namespace%__PricingMatrixId__c": "",
        "%vlocity_namespace%__PricingVariableId__c": {
            "%vlocity_namespace%__Code__c": "OT_STD_PRC",
            "VlocityDataPackType": "VlocityLookupMatchingKeyObject",
            "VlocityLookupRecordSourceKey": "%vlocity_namespace%__PricingVariable__c/OT_STD_PRC",
            "VlocityRecordSObjectType": "%vlocity_namespace%__PricingVariable__c"
        },
        "%vlocity_namespace%__PricingVariableType__c": "Price",
        "%vlocity_namespace%__ProductId__c": "",
        "%vlocity_namespace%__PromotionId__c": "",
        "%vlocity_namespace%__RuleInfo__c": "",
        "%vlocity_namespace%__TimePlanId__c": "",
        "%vlocity_namespace%__VersionNumber__c": "5f260005-0baa-5801-cfa0-684da617e98b",
        "Name": "longTermOneTime",
        "VlocityDataPackType": "SObject",
        "VlocityRecordSObjectType": "%vlocity_namespace%__PricingElement__c",
        "VlocityRecordSourceKey": "%vlocity_namespace%__PricingElement__c/04e5732a-ae82-1fd2-bd13-7f0e0f351431"
    },
    {
        "%vlocity_namespace%__AdjustmentValue__c": "",
        "%vlocity_namespace%__Amount__c": 5,
        "%vlocity_namespace%__CalculationType__c": "Simple",
        "%vlocity_namespace%__Code__c": "1.5GBPackRecurring",
        "%vlocity_namespace%__CurrencyCode__c": "USD",
        "%vlocity_namespace%__DisplayText__c": "1.5GBPackRecurring",
        "%vlocity_namespace%__EffectiveFromDate__c": "2019-10-31T18:30:00.000Z",
        "%vlocity_namespace%__EffectiveUntilDate__c": "",
        "%vlocity_namespace%__GlobalKey2__c": "3f3dd9a4-8556-3fc1-1e00-97de14671126",
        "%vlocity_namespace%__GlobalKey__c": "ecc750f0-095c-38a8-a845-3368810c3f1d",
        "%vlocity_namespace%__HelpText__c": "",
        "%vlocity_namespace%__IsActive__c": true,
        "%vlocity_namespace%__IsOverride__c": false,
        "%vlocity_namespace%__IsReusable__c": true,
        "%vlocity_namespace%__LoyaltyAmount__c": "",
        "%vlocity_namespace%__LoyaltyCode__c": "PTS",
        "%vlocity_namespace%__ObjectTypeId__c": {
            "%vlocity_namespace%__GlobalKey__c": "517349a3cdc1acf50617693e3ba33988",
            "VlocityDataPackType": "VlocityLookupMatchingKeyObject",
            "VlocityLookupRecordSourceKey": "%vlocity_namespace%__ObjectClass__c/517349a3cdc1acf50617693e3ba33988",
            "VlocityRecordSObjectType": "%vlocity_namespace%__ObjectClass__c"
        },
        "%vlocity_namespace%__OfferId__c": "",
        "%vlocity_namespace%__PerUsageAmount__c": 1,
        "%vlocity_namespace%__PerUsageMeasurementId__c": "",
        "%vlocity_namespace%__PerUsageUnitOfMeasure__c": "",
        "%vlocity_namespace%__PriceListId__c": {
            "%vlocity_namespace%__Code__c": "parameshPB",
            "VlocityDataPackType": "VlocityMatchingKeyObject",
            "VlocityMatchingRecordSourceKey": "%vlocity_namespace%__PriceList__c/parameshPB",
            "VlocityRecordSObjectType": "%vlocity_namespace%__PriceList__c"
        },
        "%vlocity_namespace%__PricingMatrixBindingData__c": "",
        "%vlocity_namespace%__PricingMatrixId__c": "",
        "%vlocity_namespace%__PricingVariableId__c": {
            "%vlocity_namespace%__Code__c": "REC_MNTH_STD_PRC",
            "VlocityDataPackType": "VlocityLookupMatchingKeyObject",
            "VlocityLookupRecordSourceKey": "%vlocity_namespace%__PricingVariable__c/REC_MNTH_STD_PRC",
            "VlocityRecordSObjectType": "%vlocity_namespace%__PricingVariable__c"
        },
        "%vlocity_namespace%__PricingVariableType__c": "Price",
        "%vlocity_namespace%__ProductId__c": "",
        "%vlocity_namespace%__PromotionId__c": "",
        "%vlocity_namespace%__RuleInfo__c": "",
        "%vlocity_namespace%__TimePlanId__c": "",
        "%vlocity_namespace%__VersionNumber__c": "46e78644-5cf3-3d5a-34b1-feee043c3697",
        "Name": "1.5GBPackRecurring",
        "VlocityDataPackType": "SObject",
        "VlocityRecordSObjectType": "%vlocity_namespace%__PricingElement__c",
        "VlocityRecordSourceKey": "%vlocity_namespace%__PricingElement__c/ecc750f0-095c-38a8-a845-3368810c3f1d"
    },
    {
        "%vlocity_namespace%__AdjustmentValue__c": "",
        "%vlocity_namespace%__Amount__c": 59,
        "%vlocity_namespace%__CalculationType__c": "Simple",
        "%vlocity_namespace%__Code__c": "national300",
        "%vlocity_namespace%__CurrencyCode__c": "USD",
        "%vlocity_namespace%__DisplayText__c": "national300",
        "%vlocity_namespace%__EffectiveFromDate__c": "2019-10-31T18:30:00.000Z",
        "%vlocity_namespace%__EffectiveUntilDate__c": "",
        "%vlocity_namespace%__GlobalKey2__c": "b06d35df-4250-e9ef-0f12-effea6577153",
        "%vlocity_namespace%__GlobalKey__c": "18e4fe8a-4578-18e2-dce8-30dc51003e31",
        "%vlocity_namespace%__HelpText__c": "",
        "%vlocity_namespace%__IsActive__c": true,
        "%vlocity_namespace%__IsOverride__c": false,
        "%vlocity_namespace%__IsReusable__c": true,
        "%vlocity_namespace%__LoyaltyAmount__c": "",
        "%vlocity_namespace%__LoyaltyCode__c": "PTS",
        "%vlocity_namespace%__ObjectTypeId__c": {
            "%vlocity_namespace%__GlobalKey__c": "517349a3cdc1acf50617693e3ba33988",
            "VlocityDataPackType": "VlocityLookupMatchingKeyObject",
            "VlocityLookupRecordSourceKey": "%vlocity_namespace%__ObjectClass__c/517349a3cdc1acf50617693e3ba33988",
            "VlocityRecordSObjectType": "%vlocity_namespace%__ObjectClass__c"
        },
        "%vlocity_namespace%__OfferId__c": "",
        "%vlocity_namespace%__PerUsageAmount__c": 1,
        "%vlocity_namespace%__PerUsageMeasurementId__c": "",
        "%vlocity_namespace%__PerUsageUnitOfMeasure__c": "",
        "%vlocity_namespace%__PriceListId__c": {
            "%vlocity_namespace%__Code__c": "parameshPB",
            "VlocityDataPackType": "VlocityMatchingKeyObject",
            "VlocityMatchingRecordSourceKey": "%vlocity_namespace%__PriceList__c/parameshPB",
            "VlocityRecordSObjectType": "%vlocity_namespace%__PriceList__c"
        },
        "%vlocity_namespace%__PricingMatrixBindingData__c": "",
        "%vlocity_namespace%__PricingMatrixId__c": "",
        "%vlocity_namespace%__PricingVariableId__c": {
            "%vlocity_namespace%__Code__c": "OT_STD_PRC",
            "VlocityDataPackType": "VlocityLookupMatchingKeyObject",
            "VlocityLookupRecordSourceKey": "%vlocity_namespace%__PricingVariable__c/OT_STD_PRC",
            "VlocityRecordSObjectType": "%vlocity_namespace%__PricingVariable__c"
        },
        "%vlocity_namespace%__PricingVariableType__c": "Price",
        "%vlocity_namespace%__ProductId__c": "",
        "%vlocity_namespace%__PromotionId__c": "",
        "%vlocity_namespace%__RuleInfo__c": "",
        "%vlocity_namespace%__TimePlanId__c": "",
        "%vlocity_namespace%__VersionNumber__c": "474b069d-480f-f83b-4f1c-c80264a6d473",
        "Name": "national300",
        "VlocityDataPackType": "SObject",
        "VlocityRecordSObjectType": "%vlocity_namespace%__PricingElement__c",
        "VlocityRecordSourceKey": "%vlocity_namespace%__PricingElement__c/18e4fe8a-4578-18e2-dce8-30dc51003e31"
    },
    {
        "%vlocity_namespace%__AdjustmentValue__c": "",
        "%vlocity_namespace%__Amount__c": 60,
        "%vlocity_namespace%__CalculationType__c": "Simple",
        "%vlocity_namespace%__Code__c": "2GBPackOneTime",
        "%vlocity_namespace%__CurrencyCode__c": "USD",
        "%vlocity_namespace%__DisplayText__c": "2GBPackOneTime",
        "%vlocity_namespace%__EffectiveFromDate__c": "2019-10-31T18:30:00.000Z",
        "%vlocity_namespace%__EffectiveUntilDate__c": "",
        "%vlocity_namespace%__GlobalKey2__c": "24c3fd7a-302d-d434-2718-3bd2fd57bab8",
        "%vlocity_namespace%__GlobalKey__c": "d485d39e-e8d8-e231-24aa-dfd20a2c64ee",
        "%vlocity_namespace%__HelpText__c": "",
        "%vlocity_namespace%__IsActive__c": true,
        "%vlocity_namespace%__IsOverride__c": false,
        "%vlocity_namespace%__IsReusable__c": true,
        "%vlocity_namespace%__LoyaltyAmount__c": "",
        "%vlocity_namespace%__LoyaltyCode__c": "PTS",
        "%vlocity_namespace%__ObjectTypeId__c": {
            "%vlocity_namespace%__GlobalKey__c": "517349a3cdc1acf50617693e3ba33988",
            "VlocityDataPackType": "VlocityLookupMatchingKeyObject",
            "VlocityLookupRecordSourceKey": "%vlocity_namespace%__ObjectClass__c/517349a3cdc1acf50617693e3ba33988",
            "VlocityRecordSObjectType": "%vlocity_namespace%__ObjectClass__c"
        },
        "%vlocity_namespace%__OfferId__c": "",
        "%vlocity_namespace%__PerUsageAmount__c": 1,
        "%vlocity_namespace%__PerUsageMeasurementId__c": "",
        "%vlocity_namespace%__PerUsageUnitOfMeasure__c": "",
        "%vlocity_namespace%__PriceListId__c": {
            "%vlocity_namespace%__Code__c": "parameshPB",
            "VlocityDataPackType": "VlocityMatchingKeyObject",
            "VlocityMatchingRecordSourceKey": "%vlocity_namespace%__PriceList__c/parameshPB",
            "VlocityRecordSObjectType": "%vlocity_namespace%__PriceList__c"
        },
        "%vlocity_namespace%__PricingMatrixBindingData__c": "",
        "%vlocity_namespace%__PricingMatrixId__c": "",
        "%vlocity_namespace%__PricingVariableId__c": {
            "%vlocity_namespace%__Code__c": "OT_STD_PRC",
            "VlocityDataPackType": "VlocityLookupMatchingKeyObject",
            "VlocityLookupRecordSourceKey": "%vlocity_namespace%__PricingVariable__c/OT_STD_PRC",
            "VlocityRecordSObjectType": "%vlocity_namespace%__PricingVariable__c"
        },
        "%vlocity_namespace%__PricingVariableType__c": "Price",
        "%vlocity_namespace%__ProductId__c": "",
        "%vlocity_namespace%__PromotionId__c": "",
        "%vlocity_namespace%__RuleInfo__c": "",
        "%vlocity_namespace%__TimePlanId__c": "",
        "%vlocity_namespace%__VersionNumber__c": "d9e1ad94-e2b1-215e-ea53-9dc9d84506a0",
        "Name": "2GBPackOneTime",
        "VlocityDataPackType": "SObject",
        "VlocityRecordSObjectType": "%vlocity_namespace%__PricingElement__c",
        "VlocityRecordSourceKey": "%vlocity_namespace%__PricingElement__c/d485d39e-e8d8-e231-24aa-dfd20a2c64ee"
    },
    {
        "%vlocity_namespace%__AdjustmentValue__c": "",
        "%vlocity_namespace%__Amount__c": 699,
        "%vlocity_namespace%__CalculationType__c": "Simple",
        "%vlocity_namespace%__Code__c": "iPhone11OneTime",
        "%vlocity_namespace%__CurrencyCode__c": "USD",
        "%vlocity_namespace%__DisplayText__c": "iPhone11OneTime",
        "%vlocity_namespace%__EffectiveFromDate__c": "2019-10-31T18:30:00.000Z",
        "%vlocity_namespace%__EffectiveUntilDate__c": "",
        "%vlocity_namespace%__GlobalKey2__c": "2eb7b6f7-cd6b-f5f0-bcff-a996a86f14b4",
        "%vlocity_namespace%__GlobalKey__c": "42a13d79-22a3-b3b6-8789-0302da451248",
        "%vlocity_namespace%__HelpText__c": "",
        "%vlocity_namespace%__IsActive__c": true,
        "%vlocity_namespace%__IsOverride__c": false,
        "%vlocity_namespace%__IsReusable__c": true,
        "%vlocity_namespace%__LoyaltyAmount__c": "",
        "%vlocity_namespace%__LoyaltyCode__c": "PTS",
        "%vlocity_namespace%__ObjectTypeId__c": {
            "%vlocity_namespace%__GlobalKey__c": "517349a3cdc1acf50617693e3ba33988",
            "VlocityDataPackType": "VlocityLookupMatchingKeyObject",
            "VlocityLookupRecordSourceKey": "%vlocity_namespace%__ObjectClass__c/517349a3cdc1acf50617693e3ba33988",
            "VlocityRecordSObjectType": "%vlocity_namespace%__ObjectClass__c"
        },
        "%vlocity_namespace%__OfferId__c": "",
        "%vlocity_namespace%__PerUsageAmount__c": 1,
        "%vlocity_namespace%__PerUsageMeasurementId__c": "",
        "%vlocity_namespace%__PerUsageUnitOfMeasure__c": "",
        "%vlocity_namespace%__PriceListId__c": {
            "%vlocity_namespace%__Code__c": "parameshPB",
            "VlocityDataPackType": "VlocityMatchingKeyObject",
            "VlocityMatchingRecordSourceKey": "%vlocity_namespace%__PriceList__c/parameshPB",
            "VlocityRecordSObjectType": "%vlocity_namespace%__PriceList__c"
        },
        "%vlocity_namespace%__PricingMatrixBindingData__c": "",
        "%vlocity_namespace%__PricingMatrixId__c": "",
        "%vlocity_namespace%__PricingVariableId__c": {
            "%vlocity_namespace%__Code__c": "OT_STD_PRC",
            "VlocityDataPackType": "VlocityLookupMatchingKeyObject",
            "VlocityLookupRecordSourceKey": "%vlocity_namespace%__PricingVariable__c/OT_STD_PRC",
            "VlocityRecordSObjectType": "%vlocity_namespace%__PricingVariable__c"
        },
        "%vlocity_namespace%__PricingVariableType__c": "Price",
        "%vlocity_namespace%__ProductId__c": "",
        "%vlocity_namespace%__PromotionId__c": "",
        "%vlocity_namespace%__RuleInfo__c": "",
        "%vlocity_namespace%__TimePlanId__c": "",
        "%vlocity_namespace%__VersionNumber__c": "ca005ca3-3150-748b-ec11-70da4fe58a52",
        "Name": "iPhone11OneTime",
        "VlocityDataPackType": "SObject",
        "VlocityRecordSObjectType": "%vlocity_namespace%__PricingElement__c",
        "VlocityRecordSourceKey": "%vlocity_namespace%__PricingElement__c/42a13d79-22a3-b3b6-8789-0302da451248"
    },
    {
        "%vlocity_namespace%__AdjustmentValue__c": "",
        "%vlocity_namespace%__Amount__c": 89,
        "%vlocity_namespace%__CalculationType__c": "Simple",
        "%vlocity_namespace%__Code__c": "iphonexRecurring",
        "%vlocity_namespace%__CurrencyCode__c": "USD",
        "%vlocity_namespace%__DisplayText__c": "iphonexRecurring",
        "%vlocity_namespace%__EffectiveFromDate__c": "2019-10-31T18:30:00.000Z",
        "%vlocity_namespace%__EffectiveUntilDate__c": "",
        "%vlocity_namespace%__GlobalKey2__c": "2340ff1a-8169-0f9a-7114-769ad5af63f3",
        "%vlocity_namespace%__GlobalKey__c": "212ca964-2017-1876-6d44-edaafe629741",
        "%vlocity_namespace%__HelpText__c": "",
        "%vlocity_namespace%__IsActive__c": true,
        "%vlocity_namespace%__IsOverride__c": false,
        "%vlocity_namespace%__IsReusable__c": true,
        "%vlocity_namespace%__LoyaltyAmount__c": "",
        "%vlocity_namespace%__LoyaltyCode__c": "PTS",
        "%vlocity_namespace%__ObjectTypeId__c": {
            "%vlocity_namespace%__GlobalKey__c": "517349a3cdc1acf50617693e3ba33988",
            "VlocityDataPackType": "VlocityLookupMatchingKeyObject",
            "VlocityLookupRecordSourceKey": "%vlocity_namespace%__ObjectClass__c/517349a3cdc1acf50617693e3ba33988",
            "VlocityRecordSObjectType": "%vlocity_namespace%__ObjectClass__c"
        },
        "%vlocity_namespace%__OfferId__c": "",
        "%vlocity_namespace%__PerUsageAmount__c": 1,
        "%vlocity_namespace%__PerUsageMeasurementId__c": "",
        "%vlocity_namespace%__PerUsageUnitOfMeasure__c": "",
        "%vlocity_namespace%__PriceListId__c": {
            "%vlocity_namespace%__Code__c": "parameshPB",
            "VlocityDataPackType": "VlocityMatchingKeyObject",
            "VlocityMatchingRecordSourceKey": "%vlocity_namespace%__PriceList__c/parameshPB",
            "VlocityRecordSObjectType": "%vlocity_namespace%__PriceList__c"
        },
        "%vlocity_namespace%__PricingMatrixBindingData__c": "",
        "%vlocity_namespace%__PricingMatrixId__c": "",
        "%vlocity_namespace%__PricingVariableId__c": {
            "%vlocity_namespace%__Code__c": "REC_MNTH_STD_PRC",
            "VlocityDataPackType": "VlocityLookupMatchingKeyObject",
            "VlocityLookupRecordSourceKey": "%vlocity_namespace%__PricingVariable__c/REC_MNTH_STD_PRC",
            "VlocityRecordSObjectType": "%vlocity_namespace%__PricingVariable__c"
        },
        "%vlocity_namespace%__PricingVariableType__c": "Price",
        "%vlocity_namespace%__ProductId__c": "",
        "%vlocity_namespace%__PromotionId__c": "",
        "%vlocity_namespace%__RuleInfo__c": "",
        "%vlocity_namespace%__TimePlanId__c": "",
        "%vlocity_namespace%__VersionNumber__c": "f4308ef6-d1b8-50e2-d314-e7fb3fb96745",
        "Name": "iphonexRecurring",
        "VlocityDataPackType": "SObject",
        "VlocityRecordSObjectType": "%vlocity_namespace%__PricingElement__c",
        "VlocityRecordSourceKey": "%vlocity_namespace%__PricingElement__c/212ca964-2017-1876-6d44-edaafe629741"
    },
    {
        "%vlocity_namespace%__AdjustmentValue__c": "",
        "%vlocity_namespace%__Amount__c": 900,
        "%vlocity_namespace%__CalculationType__c": "Simple",
        "%vlocity_namespace%__Code__c": "iphonexOneTime",
        "%vlocity_namespace%__CurrencyCode__c": "USD",
        "%vlocity_namespace%__DisplayText__c": "iphonexOneTime",
        "%vlocity_namespace%__EffectiveFromDate__c": "2019-10-31T18:30:00.000Z",
        "%vlocity_namespace%__EffectiveUntilDate__c": "",
        "%vlocity_namespace%__GlobalKey2__c": "103e68e7-e613-ae65-decc-e8f7470a7573",
        "%vlocity_namespace%__GlobalKey__c": "0ff5e564-799f-fbec-df42-57134f5a2a8c",
        "%vlocity_namespace%__HelpText__c": "",
        "%vlocity_namespace%__IsActive__c": true,
        "%vlocity_namespace%__IsOverride__c": false,
        "%vlocity_namespace%__IsReusable__c": true,
        "%vlocity_namespace%__LoyaltyAmount__c": "",
        "%vlocity_namespace%__LoyaltyCode__c": "PTS",
        "%vlocity_namespace%__ObjectTypeId__c": {
            "%vlocity_namespace%__GlobalKey__c": "517349a3cdc1acf50617693e3ba33988",
            "VlocityDataPackType": "VlocityLookupMatchingKeyObject",
            "VlocityLookupRecordSourceKey": "%vlocity_namespace%__ObjectClass__c/517349a3cdc1acf50617693e3ba33988",
            "VlocityRecordSObjectType": "%vlocity_namespace%__ObjectClass__c"
        },
        "%vlocity_namespace%__OfferId__c": "",
        "%vlocity_namespace%__PerUsageAmount__c": 1,
        "%vlocity_namespace%__PerUsageMeasurementId__c": "",
        "%vlocity_namespace%__PerUsageUnitOfMeasure__c": "",
        "%vlocity_namespace%__PriceListId__c": {
            "%vlocity_namespace%__Code__c": "parameshPB",
            "VlocityDataPackType": "VlocityMatchingKeyObject",
            "VlocityMatchingRecordSourceKey": "%vlocity_namespace%__PriceList__c/parameshPB",
            "VlocityRecordSObjectType": "%vlocity_namespace%__PriceList__c"
        },
        "%vlocity_namespace%__PricingMatrixBindingData__c": "",
        "%vlocity_namespace%__PricingMatrixId__c": "",
        "%vlocity_namespace%__PricingVariableId__c": {
            "%vlocity_namespace%__Code__c": "OT_STD_PRC",
            "VlocityDataPackType": "VlocityLookupMatchingKeyObject",
            "VlocityLookupRecordSourceKey": "%vlocity_namespace%__PricingVariable__c/OT_STD_PRC",
            "VlocityRecordSObjectType": "%vlocity_namespace%__PricingVariable__c"
        },
        "%vlocity_namespace%__PricingVariableType__c": "Price",
        "%vlocity_namespace%__ProductId__c": "",
        "%vlocity_namespace%__PromotionId__c": "",
        "%vlocity_namespace%__RuleInfo__c": "",
        "%vlocity_namespace%__TimePlanId__c": "",
        "%vlocity_namespace%__VersionNumber__c": "7f774e41-fc75-b964-1fe9-2d46ca3d6812",
        "Name": "iphonexOneTime",
        "VlocityDataPackType": "SObject",
        "VlocityRecordSObjectType": "%vlocity_namespace%__PricingElement__c",
        "VlocityRecordSourceKey": "%vlocity_namespace%__PricingElement__c/0ff5e564-799f-fbec-df42-57134f5a2a8c"
    },
    {
        "%vlocity_namespace%__AdjustmentValue__c": "",
        "%vlocity_namespace%__Amount__c": 99,
        "%vlocity_namespace%__CalculationType__c": "Simple",
        "%vlocity_namespace%__Code__c": "iPhone11ProRecurring",
        "%vlocity_namespace%__CurrencyCode__c": "USD",
        "%vlocity_namespace%__DisplayText__c": "iPhone11ProRecurring",
        "%vlocity_namespace%__EffectiveFromDate__c": "2019-10-31T18:30:00.000Z",
        "%vlocity_namespace%__EffectiveUntilDate__c": "",
        "%vlocity_namespace%__GlobalKey2__c": "aa13183d-7ab7-c5d6-eaa9-feef8b8e4188",
        "%vlocity_namespace%__GlobalKey__c": "18c4c5a1-7cab-bda5-9943-a109ab79e58c",
        "%vlocity_namespace%__HelpText__c": "",
        "%vlocity_namespace%__IsActive__c": true,
        "%vlocity_namespace%__IsOverride__c": false,
        "%vlocity_namespace%__IsReusable__c": true,
        "%vlocity_namespace%__LoyaltyAmount__c": "",
        "%vlocity_namespace%__LoyaltyCode__c": "PTS",
        "%vlocity_namespace%__ObjectTypeId__c": {
            "%vlocity_namespace%__GlobalKey__c": "517349a3cdc1acf50617693e3ba33988",
            "VlocityDataPackType": "VlocityLookupMatchingKeyObject",
            "VlocityLookupRecordSourceKey": "%vlocity_namespace%__ObjectClass__c/517349a3cdc1acf50617693e3ba33988",
            "VlocityRecordSObjectType": "%vlocity_namespace%__ObjectClass__c"
        },
        "%vlocity_namespace%__OfferId__c": "",
        "%vlocity_namespace%__PerUsageAmount__c": 1,
        "%vlocity_namespace%__PerUsageMeasurementId__c": "",
        "%vlocity_namespace%__PerUsageUnitOfMeasure__c": "",
        "%vlocity_namespace%__PriceListId__c": {
            "%vlocity_namespace%__Code__c": "parameshPB",
            "VlocityDataPackType": "VlocityMatchingKeyObject",
            "VlocityMatchingRecordSourceKey": "%vlocity_namespace%__PriceList__c/parameshPB",
            "VlocityRecordSObjectType": "%vlocity_namespace%__PriceList__c"
        },
        "%vlocity_namespace%__PricingMatrixBindingData__c": "",
        "%vlocity_namespace%__PricingMatrixId__c": "",
        "%vlocity_namespace%__PricingVariableId__c": {
            "%vlocity_namespace%__Code__c": "REC_MNTH_STD_PRC",
            "VlocityDataPackType": "VlocityLookupMatchingKeyObject",
            "VlocityLookupRecordSourceKey": "%vlocity_namespace%__PricingVariable__c/REC_MNTH_STD_PRC",
            "VlocityRecordSObjectType": "%vlocity_namespace%__PricingVariable__c"
        },
        "%vlocity_namespace%__PricingVariableType__c": "Price",
        "%vlocity_namespace%__ProductId__c": "",
        "%vlocity_namespace%__PromotionId__c": "",
        "%vlocity_namespace%__RuleInfo__c": "",
        "%vlocity_namespace%__TimePlanId__c": "",
        "%vlocity_namespace%__VersionNumber__c": "35240e95-fc4b-3132-bd46-f9c3509ba873",
        "Name": "iPhone11ProRecurring",
        "VlocityDataPackType": "SObject",
        "VlocityRecordSObjectType": "%vlocity_namespace%__PricingElement__c",
        "VlocityRecordSourceKey": "%vlocity_namespace%__PricingElement__c/18c4c5a1-7cab-bda5-9943-a109ab79e58c"
    },
    {
        "%vlocity_namespace%__AdjustmentValue__c": "",
        "%vlocity_namespace%__Amount__c": 99,
        "%vlocity_namespace%__CalculationType__c": "Simple",
        "%vlocity_namespace%__Code__c": "premiumProtection",
        "%vlocity_namespace%__CurrencyCode__c": "USD",
        "%vlocity_namespace%__DisplayText__c": "premiumProtection",
        "%vlocity_namespace%__EffectiveFromDate__c": "2019-10-31T18:30:00.000Z",
        "%vlocity_namespace%__EffectiveUntilDate__c": "",
        "%vlocity_namespace%__GlobalKey2__c": "6cc847cf-5100-cabe-1375-2fcf1f3ccb0c",
        "%vlocity_namespace%__GlobalKey__c": "4fe94a43-ae1e-d461-1b69-a85cd615165e",
        "%vlocity_namespace%__HelpText__c": "",
        "%vlocity_namespace%__IsActive__c": true,
        "%vlocity_namespace%__IsOverride__c": false,
        "%vlocity_namespace%__IsReusable__c": true,
        "%vlocity_namespace%__LoyaltyAmount__c": "",
        "%vlocity_namespace%__LoyaltyCode__c": "PTS",
        "%vlocity_namespace%__ObjectTypeId__c": {
            "%vlocity_namespace%__GlobalKey__c": "517349a3cdc1acf50617693e3ba33988",
            "VlocityDataPackType": "VlocityLookupMatchingKeyObject",
            "VlocityLookupRecordSourceKey": "%vlocity_namespace%__ObjectClass__c/517349a3cdc1acf50617693e3ba33988",
            "VlocityRecordSObjectType": "%vlocity_namespace%__ObjectClass__c"
        },
        "%vlocity_namespace%__OfferId__c": "",
        "%vlocity_namespace%__PerUsageAmount__c": 1,
        "%vlocity_namespace%__PerUsageMeasurementId__c": "",
        "%vlocity_namespace%__PerUsageUnitOfMeasure__c": "",
        "%vlocity_namespace%__PriceListId__c": {
            "%vlocity_namespace%__Code__c": "parameshPB",
            "VlocityDataPackType": "VlocityMatchingKeyObject",
            "VlocityMatchingRecordSourceKey": "%vlocity_namespace%__PriceList__c/parameshPB",
            "VlocityRecordSObjectType": "%vlocity_namespace%__PriceList__c"
        },
        "%vlocity_namespace%__PricingMatrixBindingData__c": "",
        "%vlocity_namespace%__PricingMatrixId__c": "",
        "%vlocity_namespace%__PricingVariableId__c": {
            "%vlocity_namespace%__Code__c": "OT_STD_PRC",
            "VlocityDataPackType": "VlocityLookupMatchingKeyObject",
            "VlocityLookupRecordSourceKey": "%vlocity_namespace%__PricingVariable__c/OT_STD_PRC",
            "VlocityRecordSObjectType": "%vlocity_namespace%__PricingVariable__c"
        },
        "%vlocity_namespace%__PricingVariableType__c": "Price",
        "%vlocity_namespace%__ProductId__c": "",
        "%vlocity_namespace%__PromotionId__c": "",
        "%vlocity_namespace%__RuleInfo__c": "",
        "%vlocity_namespace%__TimePlanId__c": "",
        "%vlocity_namespace%__VersionNumber__c": "98fca1f0-1136-deae-da36-d7a622d335ab",
        "Name": "premiumProtection",
        "VlocityDataPackType": "SObject",
        "VlocityRecordSObjectType": "%vlocity_namespace%__PricingElement__c",
        "VlocityRecordSourceKey": "%vlocity_namespace%__PricingElement__c/4fe94a43-ae1e-d461-1b69-a85cd615165e"
    },
    {
        "%vlocity_namespace%__AdjustmentValue__c": 99,
        "%vlocity_namespace%__Amount__c": "",
        "%vlocity_namespace%__CalculationType__c": "Simple",
        "%vlocity_namespace%__Code__c": "welcome10",
        "%vlocity_namespace%__CurrencyCode__c": "USD",
        "%vlocity_namespace%__DisplayText__c": "welcome10",
        "%vlocity_namespace%__EffectiveFromDate__c": "2020-01-31T18:30:00.000Z",
        "%vlocity_namespace%__EffectiveUntilDate__c": "",
        "%vlocity_namespace%__GlobalKey2__c": "b52b18e1-fef9-5a6c-cd16-ec0dbfe9cbd6",
        "%vlocity_namespace%__GlobalKey__c": "de432298-7ab6-04c8-4f53-18f67c4b8cdc",
        "%vlocity_namespace%__HelpText__c": "",
        "%vlocity_namespace%__IsActive__c": true,
        "%vlocity_namespace%__IsOverride__c": false,
        "%vlocity_namespace%__IsReusable__c": true,
        "%vlocity_namespace%__LoyaltyAmount__c": "",
        "%vlocity_namespace%__LoyaltyCode__c": "PTS",
        "%vlocity_namespace%__ObjectTypeId__c": {
            "%vlocity_namespace%__GlobalKey__c": "104d9898c04874d0fbac36e125fa1369",
            "VlocityDataPackType": "VlocityLookupMatchingKeyObject",
            "VlocityLookupRecordSourceKey": "%vlocity_namespace%__ObjectClass__c/104d9898c04874d0fbac36e125fa1369",
            "VlocityRecordSObjectType": "%vlocity_namespace%__ObjectClass__c"
        },
        "%vlocity_namespace%__OfferId__c": "",
        "%vlocity_namespace%__PerUsageAmount__c": 1,
        "%vlocity_namespace%__PerUsageMeasurementId__c": "",
        "%vlocity_namespace%__PerUsageUnitOfMeasure__c": "",
        "%vlocity_namespace%__PriceListId__c": {
            "%vlocity_namespace%__Code__c": "parameshPB",
            "VlocityDataPackType": "VlocityMatchingKeyObject",
            "VlocityMatchingRecordSourceKey": "%vlocity_namespace%__PriceList__c/parameshPB",
            "VlocityRecordSObjectType": "%vlocity_namespace%__PriceList__c"
        },
        "%vlocity_namespace%__PricingMatrixBindingData__c": "",
        "%vlocity_namespace%__PricingMatrixId__c": "",
        "%vlocity_namespace%__PricingVariableId__c": {
            "%vlocity_namespace%__Code__c": "OT_STD_PRC_ADJ_ABS",
            "VlocityDataPackType": "VlocityLookupMatchingKeyObject",
            "VlocityLookupRecordSourceKey": "%vlocity_namespace%__PricingVariable__c/OT_STD_PRC_ADJ_ABS",
            "VlocityRecordSObjectType": "%vlocity_namespace%__PricingVariable__c"
        },
        "%vlocity_namespace%__PricingVariableType__c": "Price",
        "%vlocity_namespace%__ProductId__c": "",
        "%vlocity_namespace%__PromotionId__c": "",
        "%vlocity_namespace%__RuleInfo__c": "",
        "%vlocity_namespace%__TimePlanId__c": "",
        "%vlocity_namespace%__VersionNumber__c": "9c244357-200c-ebb2-ae46-0ee654f25a95",
        "Name": "welcome10",
        "VlocityDataPackType": "SObject",
        "VlocityRecordSObjectType": "%vlocity_namespace%__PricingElement__c",
        "VlocityRecordSourceKey": "%vlocity_namespace%__PricingElement__c/de432298-7ab6-04c8-4f53-18f67c4b8cdc"
    }
]