{
    "%vlocity_namespace%__AdjustmentMethod__c": "",
    "%vlocity_namespace%__Aggregation__c": "Unit",
    "%vlocity_namespace%__AppliesToVariableId__c": "",
    "%vlocity_namespace%__AppliesTo__c": "",
    "%vlocity_namespace%__ChargeType__c": "Recurring",
    "%vlocity_namespace%__Code__c": "REC_MNTH_STD_PRC_CALC",
    "%vlocity_namespace%__CurrencyType__c": "Currency",
    "%vlocity_namespace%__Description__c": "",
    "%vlocity_namespace%__IsActive__c": true,
    "%vlocity_namespace%__PricingVariableBinding__c": "Recurring-Monthly-Std-Price-Calculated_PricingVariableBindings.json",
    "%vlocity_namespace%__RecurringFrequency__c": "Monthly",
    "%vlocity_namespace%__Scope__c": "Line",
    "%vlocity_namespace%__SubType__c": "Standard",
    "%vlocity_namespace%__Type__c": "Price",
    "%vlocity_namespace%__ValueType__c": "Calculated",
    "Name": "Recurring Monthly Std Price Calculated",
    "VlocityDataPackType": "SObject",
    "VlocityRecordSObjectType": "%vlocity_namespace%__PricingVariable__c",
    "VlocityRecordSourceKey": "%vlocity_namespace%__PricingVariable__c/REC_MNTH_STD_PRC_CALC"
}