[
    {
        "%vlocity_namespace%__FloorPrice__c": "",
        "%vlocity_namespace%__OverageCharge__c": "",
        "%vlocity_namespace%__OverageUOM__c": "",
        "%vlocity_namespace%__RecurringPrice__c": 0,
        "%vlocity_namespace%__RecurringUOM__c": "Monthly",
        "IsActive": true,
        "IsArchived": false,
        "Name": "Premium Mobile Device Protection",
        "Pricebook2.Name": "Standard",
        "Pricebook2Id": {
            "Name": "Standard",
            "VlocityDataPackType": "VlocityLookupMatchingKeyObject",
            "VlocityLookupRecordSourceKey": "Pricebook2/Standard",
            "VlocityRecordSObjectType": "Pricebook2"
        },
        "Product2.%vlocity_namespace%__GlobalKey__c": "04a6b3fa-6adf-b626-f8bb-ab6fec4b0e3d",
        "Product2Id": {
            "%vlocity_namespace%__GlobalKey__c": "04a6b3fa-6adf-b626-f8bb-ab6fec4b0e3d",
            "VlocityDataPackType": "VlocityMatchingKeyObject",
            "VlocityMatchingRecordSourceKey": "Product2/04a6b3fa-6adf-b626-f8bb-ab6fec4b0e3d",
            "VlocityRecordSObjectType": "Product2"
        },
        "ProductCode": "PremiumMobileDeviceProtection",
        "UnitPrice": 0,
        "UseStandardPrice": false,
        "VlocityDataPackType": "SObject",
        "VlocityRecordSObjectType": "PricebookEntry",
        "VlocityRecordSourceKey": "PricebookEntry/Pricebook2/Standard/Product2/04a6b3fa-6adf-b626-f8bb-ab6fec4b0e3d"
    }
]