{
    "%vlocity_namespace%__AdjustmentMethod__c": "",
    "%vlocity_namespace%__Aggregation__c": "Quantity",
    "%vlocity_namespace%__AppliesToVariableId__c": "",
    "%vlocity_namespace%__AppliesTo__c": "",
    "%vlocity_namespace%__ChargeType__c": "",
    "%vlocity_namespace%__Code__c": "LINE_QUANTITY",
    "%vlocity_namespace%__CurrencyType__c": "Currency",
    "%vlocity_namespace%__Description__c": "",
    "%vlocity_namespace%__IsActive__c": true,
    "%vlocity_namespace%__PricingVariableBinding__c": "Line-Quantity_PricingVariableBindings.json",
    "%vlocity_namespace%__RecurringFrequency__c": "",
    "%vlocity_namespace%__Scope__c": "Line",
    "%vlocity_namespace%__SubType__c": "",
    "%vlocity_namespace%__Type__c": "",
    "%vlocity_namespace%__ValueType__c": "Calculated",
    "Name": "Line Quantity",
    "VlocityDataPackType": "SObject",
    "VlocityRecordSObjectType": "%vlocity_namespace%__PricingVariable__c",
    "VlocityRecordSourceKey": "%vlocity_namespace%__PricingVariable__c/LINE_QUANTITY"
}