[
    {
        "%vlocity_namespace%__DestinationFieldApiName__c": "Quantity",
        "%vlocity_namespace%__DestinationSObjectType__c": "Asset",
        "%vlocity_namespace%__PricingVariableId__c": {
            "%vlocity_namespace%__Code__c": "LINE_QUANTITY",
            "VlocityDataPackType": "VlocityMatchingKeyObject",
            "VlocityMatchingRecordSourceKey": "%vlocity_namespace%__PricingVariable__c/LINE_QUANTITY",
            "VlocityRecordSObjectType": "%vlocity_namespace%__PricingVariable__c"
        },
        "Name": "Line Quantity - Asset",
        "VlocityDataPackType": "SObject",
        "VlocityRecordSObjectType": "%vlocity_namespace%__PricingVariableBinding__c"
    },
    {
        "%vlocity_namespace%__DestinationFieldApiName__c": "Quantity",
        "%vlocity_namespace%__DestinationSObjectType__c": "OpportunityLineItem",
        "%vlocity_namespace%__PricingVariableId__c": {
            "%vlocity_namespace%__Code__c": "LINE_QUANTITY",
            "VlocityDataPackType": "VlocityMatchingKeyObject",
            "VlocityMatchingRecordSourceKey": "%vlocity_namespace%__PricingVariable__c/LINE_QUANTITY",
            "VlocityRecordSObjectType": "%vlocity_namespace%__PricingVariable__c"
        },
        "Name": "Line Quantity - OpportunityLineItem",
        "VlocityDataPackType": "SObject",
        "VlocityRecordSObjectType": "%vlocity_namespace%__PricingVariableBinding__c"
    },
    {
        "%vlocity_namespace%__DestinationFieldApiName__c": "Quantity",
        "%vlocity_namespace%__DestinationSObjectType__c": "OrderItem",
        "%vlocity_namespace%__PricingVariableId__c": {
            "%vlocity_namespace%__Code__c": "LINE_QUANTITY",
            "VlocityDataPackType": "VlocityMatchingKeyObject",
            "VlocityMatchingRecordSourceKey": "%vlocity_namespace%__PricingVariable__c/LINE_QUANTITY",
            "VlocityRecordSObjectType": "%vlocity_namespace%__PricingVariable__c"
        },
        "Name": "Line Quantity - OrderItem",
        "VlocityDataPackType": "SObject",
        "VlocityRecordSObjectType": "%vlocity_namespace%__PricingVariableBinding__c"
    },
    {
        "%vlocity_namespace%__DestinationFieldApiName__c": "Quantity",
        "%vlocity_namespace%__DestinationSObjectType__c": "QuoteLineItem",
        "%vlocity_namespace%__PricingVariableId__c": {
            "%vlocity_namespace%__Code__c": "LINE_QUANTITY",
            "VlocityDataPackType": "VlocityMatchingKeyObject",
            "VlocityMatchingRecordSourceKey": "%vlocity_namespace%__PricingVariable__c/LINE_QUANTITY",
            "VlocityRecordSObjectType": "%vlocity_namespace%__PricingVariable__c"
        },
        "Name": "Line Quantity - QuoteLineItem",
        "VlocityDataPackType": "SObject",
        "VlocityRecordSObjectType": "%vlocity_namespace%__PricingVariableBinding__c"
    }
]