{
    "%vlocity_namespace%__Description__c": "",
    "%vlocity_namespace%__EffectiveFromDate__c": "",
    "%vlocity_namespace%__EffectiveUntilDate__c": "",
    "%vlocity_namespace%__GlobalKey__c": "2449fd4fa3d4f854114607d079380900",
    "%vlocity_namespace%__IsActive__c": true,
    "%vlocity_namespace%__IsDefault__c": false,
    "%vlocity_namespace%__ObjectClassId__c": {
        "%vlocity_namespace%__GlobalKey__c": "18d330806bf900b8ec42e44b9e915891",
        "VlocityDataPackType": "VlocityLookupMatchingKeyObject",
        "VlocityLookupRecordSourceKey": "%vlocity_namespace%__ObjectClass__c/18d330806bf900b8ec42e44b9e915891",
        "VlocityRecordSObjectType": "%vlocity_namespace%__ObjectClass__c"
    },
    "%vlocity_namespace%__ObjectFacet__c": [
        {
            "%vlocity_namespace%__EffectiveFromDate__c": "",
            "%vlocity_namespace%__EffectiveUntilDate__c": "",
            "%vlocity_namespace%__FacetId__c": {
                "%vlocity_namespace%__GlobalKey__c": "5ceff4783b0f59f31b27417a7064a12c",
                "VlocityDataPackType": "VlocityLookupMatchingKeyObject",
                "VlocityLookupRecordSourceKey": "%vlocity_namespace%__UIFacet__c/5ceff4783b0f59f31b27417a7064a12c",
                "VlocityRecordSObjectType": "%vlocity_namespace%__UIFacet__c"
            },
            "%vlocity_namespace%__GlobalKey__c": "727be27e-1ae1-b814-abef-64ec96a8e84d",
            "%vlocity_namespace%__IsActive__c": true,
            "%vlocity_namespace%__ObjectLayoutId__c": {
                "%vlocity_namespace%__GlobalKey__c": "2449fd4fa3d4f854114607d079380900",
                "VlocityDataPackType": "VlocityMatchingKeyObject",
                "VlocityMatchingRecordSourceKey": "%vlocity_namespace%__ObjectLayout__c/2449fd4fa3d4f854114607d079380900",
                "VlocityRecordSObjectType": "%vlocity_namespace%__ObjectLayout__c"
            },
            "%vlocity_namespace%__ObjectSection__c": [
                {
                    "%vlocity_namespace%__ColumnLayout__c": "",
                    "%vlocity_namespace%__EffectiveFromDate__c": "",
                    "%vlocity_namespace%__EffectiveUntilDate__c": "",
                    "%vlocity_namespace%__GlobalKey__c": "722b1b6e-f008-d892-eab6-9a531e37f79f",
                    "%vlocity_namespace%__IsActive__c": true,
                    "%vlocity_namespace%__ObjectElement__c": [
                        {
                            "%vlocity_namespace%__AttributeId__c": "",
                            "%vlocity_namespace%__Column__c": "1",
                            "%vlocity_namespace%__EffectiveFromDate__c": "",
                            "%vlocity_namespace%__EffectiveUntilDate__c": "",
                            "%vlocity_namespace%__FieldApiName__c": "%vlocity_namespace%__ObjectTypeId__c",
                            "%vlocity_namespace%__GlobalKey__c": "ecc3577d-eb03-51ab-f0ca-2132b1bbf569",
                            "%vlocity_namespace%__IsActive__c": true,
                            "%vlocity_namespace%__IsRequired__c": false,
                            "%vlocity_namespace%__ObjectSectionId__c": {
                                "Name": "722b1b6e-f008-d892-eab6-9a531e37f79f",
                                "VlocityDataPackType": "VlocityMatchingKeyObject",
                                "VlocityMatchingRecordSourceKey": "%vlocity_namespace%__ObjectSection__c/722b1b6e-f008-d892-eab6-9a531e37f79f",
                                "VlocityRecordSObjectType": "%vlocity_namespace%__ObjectSection__c"
                            },
                            "%vlocity_namespace%__Sequence__c": 10,
                            "%vlocity_namespace%__Type__c": "Field",
                            "Name": "Object Type",
                            "VlocityDataPackType": "SObject",
                            "VlocityRecordSObjectType": "%vlocity_namespace%__ObjectElement__c",
                            "VlocityRecordSourceKey": "%vlocity_namespace%__ObjectElement__c/ecc3577d-eb03-51ab-f0ca-2132b1bbf569"
                        },
                        {
                            "%vlocity_namespace%__AttributeId__c": "",
                            "%vlocity_namespace%__Column__c": "1",
                            "%vlocity_namespace%__EffectiveFromDate__c": "",
                            "%vlocity_namespace%__EffectiveUntilDate__c": "",
                            "%vlocity_namespace%__FieldApiName__c": "%vlocity_namespace%__PricingVariableId__c",
                            "%vlocity_namespace%__GlobalKey__c": "2fc5ae8e-ab64-1632-60d6-63323571c7db",
                            "%vlocity_namespace%__IsActive__c": true,
                            "%vlocity_namespace%__IsRequired__c": false,
                            "%vlocity_namespace%__ObjectSectionId__c": {
                                "Name": "722b1b6e-f008-d892-eab6-9a531e37f79f",
                                "VlocityDataPackType": "VlocityMatchingKeyObject",
                                "VlocityMatchingRecordSourceKey": "%vlocity_namespace%__ObjectSection__c/722b1b6e-f008-d892-eab6-9a531e37f79f",
                                "VlocityRecordSObjectType": "%vlocity_namespace%__ObjectSection__c"
                            },
                            "%vlocity_namespace%__Sequence__c": 20,
                            "%vlocity_namespace%__Type__c": "Field",
                            "Name": "Pricing Variable",
                            "VlocityDataPackType": "SObject",
                            "VlocityRecordSObjectType": "%vlocity_namespace%__ObjectElement__c",
                            "VlocityRecordSourceKey": "%vlocity_namespace%__ObjectElement__c/2fc5ae8e-ab64-1632-60d6-63323571c7db"
                        },
                        {
                            "%vlocity_namespace%__AttributeId__c": "",
                            "%vlocity_namespace%__Column__c": "1",
                            "%vlocity_namespace%__EffectiveFromDate__c": "",
                            "%vlocity_namespace%__EffectiveUntilDate__c": "",
                            "%vlocity_namespace%__FieldApiName__c": "%vlocity_namespace%__PriceListId__c",
                            "%vlocity_namespace%__GlobalKey__c": "49400c37-ca4a-8a5c-7053-266a8c554277",
                            "%vlocity_namespace%__IsActive__c": true,
                            "%vlocity_namespace%__IsRequired__c": false,
                            "%vlocity_namespace%__ObjectSectionId__c": {
                                "Name": "722b1b6e-f008-d892-eab6-9a531e37f79f",
                                "VlocityDataPackType": "VlocityMatchingKeyObject",
                                "VlocityMatchingRecordSourceKey": "%vlocity_namespace%__ObjectSection__c/722b1b6e-f008-d892-eab6-9a531e37f79f",
                                "VlocityRecordSObjectType": "%vlocity_namespace%__ObjectSection__c"
                            },
                            "%vlocity_namespace%__Sequence__c": 30,
                            "%vlocity_namespace%__Type__c": "Field",
                            "Name": "Price List",
                            "VlocityDataPackType": "SObject",
                            "VlocityRecordSObjectType": "%vlocity_namespace%__ObjectElement__c",
                            "VlocityRecordSourceKey": "%vlocity_namespace%__ObjectElement__c/49400c37-ca4a-8a5c-7053-266a8c554277"
                        },
                        {
                            "%vlocity_namespace%__AttributeId__c": "",
                            "%vlocity_namespace%__Column__c": "1",
                            "%vlocity_namespace%__EffectiveFromDate__c": "",
                            "%vlocity_namespace%__EffectiveUntilDate__c": "",
                            "%vlocity_namespace%__FieldApiName__c": "%vlocity_namespace%__ProductId__c",
                            "%vlocity_namespace%__GlobalKey__c": "32fc9d15-47d7-70b6-b522-22fa941bb16b",
                            "%vlocity_namespace%__IsActive__c": true,
                            "%vlocity_namespace%__IsRequired__c": false,
                            "%vlocity_namespace%__ObjectSectionId__c": {
                                "Name": "722b1b6e-f008-d892-eab6-9a531e37f79f",
                                "VlocityDataPackType": "VlocityMatchingKeyObject",
                                "VlocityMatchingRecordSourceKey": "%vlocity_namespace%__ObjectSection__c/722b1b6e-f008-d892-eab6-9a531e37f79f",
                                "VlocityRecordSObjectType": "%vlocity_namespace%__ObjectSection__c"
                            },
                            "%vlocity_namespace%__Sequence__c": 40,
                            "%vlocity_namespace%__Type__c": "Field",
                            "Name": "Product",
                            "VlocityDataPackType": "SObject",
                            "VlocityRecordSObjectType": "%vlocity_namespace%__ObjectElement__c",
                            "VlocityRecordSourceKey": "%vlocity_namespace%__ObjectElement__c/32fc9d15-47d7-70b6-b522-22fa941bb16b"
                        },
                        {
                            "%vlocity_namespace%__AttributeId__c": "",
                            "%vlocity_namespace%__Column__c": "1",
                            "%vlocity_namespace%__EffectiveFromDate__c": "",
                            "%vlocity_namespace%__EffectiveUntilDate__c": "",
                            "%vlocity_namespace%__FieldApiName__c": "%vlocity_namespace%__Code__c",
                            "%vlocity_namespace%__GlobalKey__c": "d936ff4c-61a6-1001-723d-401babb6cbf0",
                            "%vlocity_namespace%__IsActive__c": true,
                            "%vlocity_namespace%__IsRequired__c": false,
                            "%vlocity_namespace%__ObjectSectionId__c": {
                                "Name": "722b1b6e-f008-d892-eab6-9a531e37f79f",
                                "VlocityDataPackType": "VlocityMatchingKeyObject",
                                "VlocityMatchingRecordSourceKey": "%vlocity_namespace%__ObjectSection__c/722b1b6e-f008-d892-eab6-9a531e37f79f",
                                "VlocityRecordSObjectType": "%vlocity_namespace%__ObjectSection__c"
                            },
                            "%vlocity_namespace%__Sequence__c": 50,
                            "%vlocity_namespace%__Type__c": "Field",
                            "Name": "Code",
                            "VlocityDataPackType": "SObject",
                            "VlocityRecordSObjectType": "%vlocity_namespace%__ObjectElement__c",
                            "VlocityRecordSourceKey": "%vlocity_namespace%__ObjectElement__c/d936ff4c-61a6-1001-723d-401babb6cbf0"
                        },
                        {
                            "%vlocity_namespace%__AttributeId__c": "",
                            "%vlocity_namespace%__Column__c": "1",
                            "%vlocity_namespace%__EffectiveFromDate__c": "",
                            "%vlocity_namespace%__EffectiveUntilDate__c": "",
                            "%vlocity_namespace%__FieldApiName__c": "%vlocity_namespace%__DisplayText__c",
                            "%vlocity_namespace%__GlobalKey__c": "4d985a2a-acd0-8648-e24b-63f27f32c896",
                            "%vlocity_namespace%__IsActive__c": true,
                            "%vlocity_namespace%__IsRequired__c": false,
                            "%vlocity_namespace%__ObjectSectionId__c": {
                                "Name": "722b1b6e-f008-d892-eab6-9a531e37f79f",
                                "VlocityDataPackType": "VlocityMatchingKeyObject",
                                "VlocityMatchingRecordSourceKey": "%vlocity_namespace%__ObjectSection__c/722b1b6e-f008-d892-eab6-9a531e37f79f",
                                "VlocityRecordSObjectType": "%vlocity_namespace%__ObjectSection__c"
                            },
                            "%vlocity_namespace%__Sequence__c": 60,
                            "%vlocity_namespace%__Type__c": "Field",
                            "Name": "Display Text",
                            "VlocityDataPackType": "SObject",
                            "VlocityRecordSObjectType": "%vlocity_namespace%__ObjectElement__c",
                            "VlocityRecordSourceKey": "%vlocity_namespace%__ObjectElement__c/4d985a2a-acd0-8648-e24b-63f27f32c896"
                        },
                        {
                            "%vlocity_namespace%__AttributeId__c": "",
                            "%vlocity_namespace%__Column__c": "1",
                            "%vlocity_namespace%__EffectiveFromDate__c": "",
                            "%vlocity_namespace%__EffectiveUntilDate__c": "",
                            "%vlocity_namespace%__FieldApiName__c": "%vlocity_namespace%__TimePlanId__c",
                            "%vlocity_namespace%__GlobalKey__c": "78ce8dd9-82a9-104c-0f40-b58da2f05eb6",
                            "%vlocity_namespace%__IsActive__c": true,
                            "%vlocity_namespace%__IsRequired__c": false,
                            "%vlocity_namespace%__ObjectSectionId__c": {
                                "Name": "722b1b6e-f008-d892-eab6-9a531e37f79f",
                                "VlocityDataPackType": "VlocityMatchingKeyObject",
                                "VlocityMatchingRecordSourceKey": "%vlocity_namespace%__ObjectSection__c/722b1b6e-f008-d892-eab6-9a531e37f79f",
                                "VlocityRecordSObjectType": "%vlocity_namespace%__ObjectSection__c"
                            },
                            "%vlocity_namespace%__Sequence__c": 70,
                            "%vlocity_namespace%__Type__c": "Field",
                            "Name": "Time Plan",
                            "VlocityDataPackType": "SObject",
                            "VlocityRecordSObjectType": "%vlocity_namespace%__ObjectElement__c",
                            "VlocityRecordSourceKey": "%vlocity_namespace%__ObjectElement__c/78ce8dd9-82a9-104c-0f40-b58da2f05eb6"
                        },
                        {
                            "%vlocity_namespace%__AttributeId__c": "",
                            "%vlocity_namespace%__Column__c": "1",
                            "%vlocity_namespace%__EffectiveFromDate__c": "",
                            "%vlocity_namespace%__EffectiveUntilDate__c": "",
                            "%vlocity_namespace%__FieldApiName__c": "%vlocity_namespace%__IsOverride__c",
                            "%vlocity_namespace%__GlobalKey__c": "8e64de3e-0789-ed21-4fe4-51c09d8a6772",
                            "%vlocity_namespace%__IsActive__c": true,
                            "%vlocity_namespace%__IsRequired__c": false,
                            "%vlocity_namespace%__ObjectSectionId__c": {
                                "Name": "722b1b6e-f008-d892-eab6-9a531e37f79f",
                                "VlocityDataPackType": "VlocityMatchingKeyObject",
                                "VlocityMatchingRecordSourceKey": "%vlocity_namespace%__ObjectSection__c/722b1b6e-f008-d892-eab6-9a531e37f79f",
                                "VlocityRecordSObjectType": "%vlocity_namespace%__ObjectSection__c"
                            },
                            "%vlocity_namespace%__Sequence__c": 80,
                            "%vlocity_namespace%__Type__c": "Field",
                            "Name": "Override",
                            "VlocityDataPackType": "SObject",
                            "VlocityRecordSObjectType": "%vlocity_namespace%__ObjectElement__c",
                            "VlocityRecordSourceKey": "%vlocity_namespace%__ObjectElement__c/8e64de3e-0789-ed21-4fe4-51c09d8a6772"
                        },
                        {
                            "%vlocity_namespace%__AttributeId__c": "",
                            "%vlocity_namespace%__Column__c": "1",
                            "%vlocity_namespace%__EffectiveFromDate__c": "",
                            "%vlocity_namespace%__EffectiveUntilDate__c": "",
                            "%vlocity_namespace%__FieldApiName__c": "%vlocity_namespace%__RuleInfo__c",
                            "%vlocity_namespace%__GlobalKey__c": "2797214e-1a98-5b67-88c3-ffaaaca1b3f4",
                            "%vlocity_namespace%__IsActive__c": true,
                            "%vlocity_namespace%__IsRequired__c": false,
                            "%vlocity_namespace%__ObjectSectionId__c": {
                                "Name": "722b1b6e-f008-d892-eab6-9a531e37f79f",
                                "VlocityDataPackType": "VlocityMatchingKeyObject",
                                "VlocityMatchingRecordSourceKey": "%vlocity_namespace%__ObjectSection__c/722b1b6e-f008-d892-eab6-9a531e37f79f",
                                "VlocityRecordSObjectType": "%vlocity_namespace%__ObjectSection__c"
                            },
                            "%vlocity_namespace%__Sequence__c": 90,
                            "%vlocity_namespace%__Type__c": "Field",
                            "Name": "Rule Info",
                            "VlocityDataPackType": "SObject",
                            "VlocityRecordSObjectType": "%vlocity_namespace%__ObjectElement__c",
                            "VlocityRecordSourceKey": "%vlocity_namespace%__ObjectElement__c/2797214e-1a98-5b67-88c3-ffaaaca1b3f4"
                        },
                        {
                            "%vlocity_namespace%__AttributeId__c": "",
                            "%vlocity_namespace%__Column__c": "1",
                            "%vlocity_namespace%__EffectiveFromDate__c": "",
                            "%vlocity_namespace%__EffectiveUntilDate__c": "",
                            "%vlocity_namespace%__FieldApiName__c": "%vlocity_namespace%__CalculationType__c",
                            "%vlocity_namespace%__GlobalKey__c": "3f4c3c55-915b-35cb-b853-4f0078577977",
                            "%vlocity_namespace%__IsActive__c": true,
                            "%vlocity_namespace%__IsRequired__c": false,
                            "%vlocity_namespace%__ObjectSectionId__c": {
                                "Name": "722b1b6e-f008-d892-eab6-9a531e37f79f",
                                "VlocityDataPackType": "VlocityMatchingKeyObject",
                                "VlocityMatchingRecordSourceKey": "%vlocity_namespace%__ObjectSection__c/722b1b6e-f008-d892-eab6-9a531e37f79f",
                                "VlocityRecordSObjectType": "%vlocity_namespace%__ObjectSection__c"
                            },
                            "%vlocity_namespace%__Sequence__c": 100,
                            "%vlocity_namespace%__Type__c": "Field",
                            "Name": "Calculation Type",
                            "VlocityDataPackType": "SObject",
                            "VlocityRecordSObjectType": "%vlocity_namespace%__ObjectElement__c",
                            "VlocityRecordSourceKey": "%vlocity_namespace%__ObjectElement__c/3f4c3c55-915b-35cb-b853-4f0078577977"
                        }
                    ],
                    "%vlocity_namespace%__ObjectFacetId__c": {
                        "Name": "727be27e-1ae1-b814-abef-64ec96a8e84d",
                        "VlocityDataPackType": "VlocityMatchingKeyObject",
                        "VlocityMatchingRecordSourceKey": "%vlocity_namespace%__ObjectFacet__c/727be27e-1ae1-b814-abef-64ec96a8e84d",
                        "VlocityRecordSObjectType": "%vlocity_namespace%__ObjectFacet__c"
                    },
                    "%vlocity_namespace%__SectionId__c": {
                        "%vlocity_namespace%__GlobalKey__c": "5ceff4783b0f59f31b27417a7064a12c",
                        "VlocityDataPackType": "VlocityLookupMatchingKeyObject",
                        "VlocityLookupRecordSourceKey": "%vlocity_namespace%__UISection__c/5ceff4783b0f59f31b27417a7064a12c",
                        "VlocityRecordSObjectType": "%vlocity_namespace%__UISection__c"
                    },
                    "%vlocity_namespace%__Sequence__c": 10,
                    "%vlocity_namespace%__TabKeyOrder__c": "",
                    "%vlocity_namespace%__ViewType__c": "Field Layout",
                    "%vlocity_namespace%__ViewUri__c": "",
                    "Name": "722b1b6e-f008-d892-eab6-9a531e37f79f",
                    "VlocityDataPackType": "SObject",
                    "VlocityRecordSObjectType": "%vlocity_namespace%__ObjectSection__c",
                    "VlocityRecordSourceKey": "%vlocity_namespace%__ObjectSection__c/722b1b6e-f008-d892-eab6-9a531e37f79f"
                },
                {
                    "%vlocity_namespace%__ColumnLayout__c": "",
                    "%vlocity_namespace%__EffectiveFromDate__c": "",
                    "%vlocity_namespace%__EffectiveUntilDate__c": "",
                    "%vlocity_namespace%__GlobalKey__c": "41a76c64-74bf-fc54-edf2-930ffd261647",
                    "%vlocity_namespace%__IsActive__c": true,
                    "%vlocity_namespace%__ObjectElement__c": [
                        {
                            "%vlocity_namespace%__AttributeId__c": "",
                            "%vlocity_namespace%__Column__c": "1",
                            "%vlocity_namespace%__EffectiveFromDate__c": "",
                            "%vlocity_namespace%__EffectiveUntilDate__c": "",
                            "%vlocity_namespace%__FieldApiName__c": "%vlocity_namespace%__Amount__c",
                            "%vlocity_namespace%__GlobalKey__c": "f393c150-cc67-210e-28d9-d3f335d7c0a8",
                            "%vlocity_namespace%__IsActive__c": true,
                            "%vlocity_namespace%__IsRequired__c": false,
                            "%vlocity_namespace%__ObjectSectionId__c": {
                                "Name": "41a76c64-74bf-fc54-edf2-930ffd261647",
                                "VlocityDataPackType": "VlocityMatchingKeyObject",
                                "VlocityMatchingRecordSourceKey": "%vlocity_namespace%__ObjectSection__c/41a76c64-74bf-fc54-edf2-930ffd261647",
                                "VlocityRecordSObjectType": "%vlocity_namespace%__ObjectSection__c"
                            },
                            "%vlocity_namespace%__Sequence__c": 10,
                            "%vlocity_namespace%__Type__c": "Field",
                            "Name": "Amount",
                            "VlocityDataPackType": "SObject",
                            "VlocityRecordSObjectType": "%vlocity_namespace%__ObjectElement__c",
                            "VlocityRecordSourceKey": "%vlocity_namespace%__ObjectElement__c/f393c150-cc67-210e-28d9-d3f335d7c0a8"
                        }
                    ],
                    "%vlocity_namespace%__ObjectFacetId__c": {
                        "Name": "727be27e-1ae1-b814-abef-64ec96a8e84d",
                        "VlocityDataPackType": "VlocityMatchingKeyObject",
                        "VlocityMatchingRecordSourceKey": "%vlocity_namespace%__ObjectFacet__c/727be27e-1ae1-b814-abef-64ec96a8e84d",
                        "VlocityRecordSObjectType": "%vlocity_namespace%__ObjectFacet__c"
                    },
                    "%vlocity_namespace%__SectionId__c": {
                        "%vlocity_namespace%__GlobalKey__c": "70bedac4d87962a1252e43f4fc0e2ebf",
                        "VlocityDataPackType": "VlocityLookupMatchingKeyObject",
                        "VlocityLookupRecordSourceKey": "%vlocity_namespace%__UISection__c/70bedac4d87962a1252e43f4fc0e2ebf",
                        "VlocityRecordSObjectType": "%vlocity_namespace%__UISection__c"
                    },
                    "%vlocity_namespace%__Sequence__c": 20,
                    "%vlocity_namespace%__TabKeyOrder__c": "",
                    "%vlocity_namespace%__ViewType__c": "Field Layout",
                    "%vlocity_namespace%__ViewUri__c": "",
                    "Name": "41a76c64-74bf-fc54-edf2-930ffd261647",
                    "VlocityDataPackType": "SObject",
                    "VlocityRecordSObjectType": "%vlocity_namespace%__ObjectSection__c",
                    "VlocityRecordSourceKey": "%vlocity_namespace%__ObjectSection__c/41a76c64-74bf-fc54-edf2-930ffd261647"
                },
                {
                    "%vlocity_namespace%__ColumnLayout__c": "",
                    "%vlocity_namespace%__EffectiveFromDate__c": "",
                    "%vlocity_namespace%__EffectiveUntilDate__c": "",
                    "%vlocity_namespace%__GlobalKey__c": "22764794-ed91-9752-c034-7d1088bef2e4",
                    "%vlocity_namespace%__IsActive__c": true,
                    "%vlocity_namespace%__ObjectElement__c": [
                        {
                            "%vlocity_namespace%__AttributeId__c": "",
                            "%vlocity_namespace%__Column__c": "1",
                            "%vlocity_namespace%__EffectiveFromDate__c": "",
                            "%vlocity_namespace%__EffectiveUntilDate__c": "",
                            "%vlocity_namespace%__FieldApiName__c": "%vlocity_namespace%__AdjustmentValue__c",
                            "%vlocity_namespace%__GlobalKey__c": "8321ad33-e87a-c6d2-9ecb-b618fe9c0ff4",
                            "%vlocity_namespace%__IsActive__c": true,
                            "%vlocity_namespace%__IsRequired__c": false,
                            "%vlocity_namespace%__ObjectSectionId__c": {
                                "Name": "22764794-ed91-9752-c034-7d1088bef2e4",
                                "VlocityDataPackType": "VlocityMatchingKeyObject",
                                "VlocityMatchingRecordSourceKey": "%vlocity_namespace%__ObjectSection__c/22764794-ed91-9752-c034-7d1088bef2e4",
                                "VlocityRecordSObjectType": "%vlocity_namespace%__ObjectSection__c"
                            },
                            "%vlocity_namespace%__Sequence__c": 10,
                            "%vlocity_namespace%__Type__c": "Field",
                            "Name": "Adjustment Value",
                            "VlocityDataPackType": "SObject",
                            "VlocityRecordSObjectType": "%vlocity_namespace%__ObjectElement__c",
                            "VlocityRecordSourceKey": "%vlocity_namespace%__ObjectElement__c/8321ad33-e87a-c6d2-9ecb-b618fe9c0ff4"
                        }
                    ],
                    "%vlocity_namespace%__ObjectFacetId__c": {
                        "Name": "727be27e-1ae1-b814-abef-64ec96a8e84d",
                        "VlocityDataPackType": "VlocityMatchingKeyObject",
                        "VlocityMatchingRecordSourceKey": "%vlocity_namespace%__ObjectFacet__c/727be27e-1ae1-b814-abef-64ec96a8e84d",
                        "VlocityRecordSObjectType": "%vlocity_namespace%__ObjectFacet__c"
                    },
                    "%vlocity_namespace%__SectionId__c": {
                        "%vlocity_namespace%__GlobalKey__c": "4227750baa6e4fc274e4c3fad04081b8",
                        "VlocityDataPackType": "VlocityLookupMatchingKeyObject",
                        "VlocityLookupRecordSourceKey": "%vlocity_namespace%__UISection__c/4227750baa6e4fc274e4c3fad04081b8",
                        "VlocityRecordSObjectType": "%vlocity_namespace%__UISection__c"
                    },
                    "%vlocity_namespace%__Sequence__c": 30,
                    "%vlocity_namespace%__TabKeyOrder__c": "",
                    "%vlocity_namespace%__ViewType__c": "Field Layout",
                    "%vlocity_namespace%__ViewUri__c": "",
                    "Name": "22764794-ed91-9752-c034-7d1088bef2e4",
                    "VlocityDataPackType": "SObject",
                    "VlocityRecordSObjectType": "%vlocity_namespace%__ObjectSection__c",
                    "VlocityRecordSourceKey": "%vlocity_namespace%__ObjectSection__c/22764794-ed91-9752-c034-7d1088bef2e4"
                },
                {
                    "%vlocity_namespace%__ColumnLayout__c": "",
                    "%vlocity_namespace%__EffectiveFromDate__c": "",
                    "%vlocity_namespace%__EffectiveUntilDate__c": "",
                    "%vlocity_namespace%__GlobalKey__c": "4768cc1f-0a3e-8e89-3be2-3b7986d7bd8e",
                    "%vlocity_namespace%__IsActive__c": true,
                    "%vlocity_namespace%__ObjectElement__c": [
                        {
                            "%vlocity_namespace%__AttributeId__c": "",
                            "%vlocity_namespace%__Column__c": "1",
                            "%vlocity_namespace%__EffectiveFromDate__c": "",
                            "%vlocity_namespace%__EffectiveUntilDate__c": "",
                            "%vlocity_namespace%__FieldApiName__c": "%vlocity_namespace%__CalculationMatrixId__c",
                            "%vlocity_namespace%__GlobalKey__c": "3d782baf-8da0-fe18-f86a-ab45ad586f19",
                            "%vlocity_namespace%__IsActive__c": true,
                            "%vlocity_namespace%__IsRequired__c": false,
                            "%vlocity_namespace%__ObjectSectionId__c": {
                                "Name": "4768cc1f-0a3e-8e89-3be2-3b7986d7bd8e",
                                "VlocityDataPackType": "VlocityMatchingKeyObject",
                                "VlocityMatchingRecordSourceKey": "%vlocity_namespace%__ObjectSection__c/4768cc1f-0a3e-8e89-3be2-3b7986d7bd8e",
                                "VlocityRecordSObjectType": "%vlocity_namespace%__ObjectSection__c"
                            },
                            "%vlocity_namespace%__Sequence__c": 10,
                            "%vlocity_namespace%__Type__c": "Field",
                            "Name": "Calculation Matrix",
                            "VlocityDataPackType": "SObject",
                            "VlocityRecordSObjectType": "%vlocity_namespace%__ObjectElement__c",
                            "VlocityRecordSourceKey": "%vlocity_namespace%__ObjectElement__c/3d782baf-8da0-fe18-f86a-ab45ad586f19"
                        },
                        {
                            "%vlocity_namespace%__AttributeId__c": "",
                            "%vlocity_namespace%__Column__c": "1",
                            "%vlocity_namespace%__EffectiveFromDate__c": "",
                            "%vlocity_namespace%__EffectiveUntilDate__c": "",
                            "%vlocity_namespace%__FieldApiName__c": "%vlocity_namespace%__MatrixBinding__c",
                            "%vlocity_namespace%__GlobalKey__c": "732cffd9-18d1-8b79-20df-3436da39f0d8",
                            "%vlocity_namespace%__IsActive__c": true,
                            "%vlocity_namespace%__IsRequired__c": false,
                            "%vlocity_namespace%__ObjectSectionId__c": {
                                "Name": "4768cc1f-0a3e-8e89-3be2-3b7986d7bd8e",
                                "VlocityDataPackType": "VlocityMatchingKeyObject",
                                "VlocityMatchingRecordSourceKey": "%vlocity_namespace%__ObjectSection__c/4768cc1f-0a3e-8e89-3be2-3b7986d7bd8e",
                                "VlocityRecordSObjectType": "%vlocity_namespace%__ObjectSection__c"
                            },
                            "%vlocity_namespace%__Sequence__c": 20,
                            "%vlocity_namespace%__Type__c": "Field",
                            "Name": "Matrix Binding",
                            "VlocityDataPackType": "SObject",
                            "VlocityRecordSObjectType": "%vlocity_namespace%__ObjectElement__c",
                            "VlocityRecordSourceKey": "%vlocity_namespace%__ObjectElement__c/732cffd9-18d1-8b79-20df-3436da39f0d8"
                        }
                    ],
                    "%vlocity_namespace%__ObjectFacetId__c": {
                        "Name": "727be27e-1ae1-b814-abef-64ec96a8e84d",
                        "VlocityDataPackType": "VlocityMatchingKeyObject",
                        "VlocityMatchingRecordSourceKey": "%vlocity_namespace%__ObjectFacet__c/727be27e-1ae1-b814-abef-64ec96a8e84d",
                        "VlocityRecordSObjectType": "%vlocity_namespace%__ObjectFacet__c"
                    },
                    "%vlocity_namespace%__SectionId__c": {
                        "%vlocity_namespace%__GlobalKey__c": "ae798375fe68f9689f592b56ce26fa5f",
                        "VlocityDataPackType": "VlocityLookupMatchingKeyObject",
                        "VlocityLookupRecordSourceKey": "%vlocity_namespace%__UISection__c/ae798375fe68f9689f592b56ce26fa5f",
                        "VlocityRecordSObjectType": "%vlocity_namespace%__UISection__c"
                    },
                    "%vlocity_namespace%__Sequence__c": 40,
                    "%vlocity_namespace%__TabKeyOrder__c": "",
                    "%vlocity_namespace%__ViewType__c": "Field Layout",
                    "%vlocity_namespace%__ViewUri__c": "",
                    "Name": "4768cc1f-0a3e-8e89-3be2-3b7986d7bd8e",
                    "VlocityDataPackType": "SObject",
                    "VlocityRecordSObjectType": "%vlocity_namespace%__ObjectSection__c",
                    "VlocityRecordSourceKey": "%vlocity_namespace%__ObjectSection__c/4768cc1f-0a3e-8e89-3be2-3b7986d7bd8e"
                },
                {
                    "%vlocity_namespace%__ColumnLayout__c": "",
                    "%vlocity_namespace%__EffectiveFromDate__c": "",
                    "%vlocity_namespace%__EffectiveUntilDate__c": "",
                    "%vlocity_namespace%__GlobalKey__c": "49534dca-6184-abf2-5b68-52e2b5ca86a5",
                    "%vlocity_namespace%__IsActive__c": true,
                    "%vlocity_namespace%__ObjectElement__c": [
                        {
                            "%vlocity_namespace%__AttributeId__c": "",
                            "%vlocity_namespace%__Column__c": "1",
                            "%vlocity_namespace%__EffectiveFromDate__c": "",
                            "%vlocity_namespace%__EffectiveUntilDate__c": "",
                            "%vlocity_namespace%__FieldApiName__c": "%vlocity_namespace%__OfferId__c",
                            "%vlocity_namespace%__GlobalKey__c": "5f0577b8-92e1-239d-bfd0-cd47d5e105f1",
                            "%vlocity_namespace%__IsActive__c": true,
                            "%vlocity_namespace%__IsRequired__c": false,
                            "%vlocity_namespace%__ObjectSectionId__c": {
                                "Name": "49534dca-6184-abf2-5b68-52e2b5ca86a5",
                                "VlocityDataPackType": "VlocityMatchingKeyObject",
                                "VlocityMatchingRecordSourceKey": "%vlocity_namespace%__ObjectSection__c/49534dca-6184-abf2-5b68-52e2b5ca86a5",
                                "VlocityRecordSObjectType": "%vlocity_namespace%__ObjectSection__c"
                            },
                            "%vlocity_namespace%__Sequence__c": 10,
                            "%vlocity_namespace%__Type__c": "Field",
                            "Name": "Offer",
                            "VlocityDataPackType": "SObject",
                            "VlocityRecordSObjectType": "%vlocity_namespace%__ObjectElement__c",
                            "VlocityRecordSourceKey": "%vlocity_namespace%__ObjectElement__c/5f0577b8-92e1-239d-bfd0-cd47d5e105f1"
                        },
                        {
                            "%vlocity_namespace%__AttributeId__c": "",
                            "%vlocity_namespace%__Column__c": "1",
                            "%vlocity_namespace%__EffectiveFromDate__c": "",
                            "%vlocity_namespace%__EffectiveUntilDate__c": "",
                            "%vlocity_namespace%__FieldApiName__c": "%vlocity_namespace%__PromotionId__c",
                            "%vlocity_namespace%__GlobalKey__c": "3ee5aec2-6f92-ce87-da29-9f3dd8bbf14a",
                            "%vlocity_namespace%__IsActive__c": true,
                            "%vlocity_namespace%__IsRequired__c": false,
                            "%vlocity_namespace%__ObjectSectionId__c": {
                                "Name": "49534dca-6184-abf2-5b68-52e2b5ca86a5",
                                "VlocityDataPackType": "VlocityMatchingKeyObject",
                                "VlocityMatchingRecordSourceKey": "%vlocity_namespace%__ObjectSection__c/49534dca-6184-abf2-5b68-52e2b5ca86a5",
                                "VlocityRecordSObjectType": "%vlocity_namespace%__ObjectSection__c"
                            },
                            "%vlocity_namespace%__Sequence__c": 20,
                            "%vlocity_namespace%__Type__c": "Field",
                            "Name": "Promotion",
                            "VlocityDataPackType": "SObject",
                            "VlocityRecordSObjectType": "%vlocity_namespace%__ObjectElement__c",
                            "VlocityRecordSourceKey": "%vlocity_namespace%__ObjectElement__c/3ee5aec2-6f92-ce87-da29-9f3dd8bbf14a"
                        }
                    ],
                    "%vlocity_namespace%__ObjectFacetId__c": {
                        "Name": "727be27e-1ae1-b814-abef-64ec96a8e84d",
                        "VlocityDataPackType": "VlocityMatchingKeyObject",
                        "VlocityMatchingRecordSourceKey": "%vlocity_namespace%__ObjectFacet__c/727be27e-1ae1-b814-abef-64ec96a8e84d",
                        "VlocityRecordSObjectType": "%vlocity_namespace%__ObjectFacet__c"
                    },
                    "%vlocity_namespace%__SectionId__c": {
                        "%vlocity_namespace%__GlobalKey__c": "ad4e206408c1c59bfb8a057ba7857446",
                        "VlocityDataPackType": "VlocityLookupMatchingKeyObject",
                        "VlocityLookupRecordSourceKey": "%vlocity_namespace%__UISection__c/ad4e206408c1c59bfb8a057ba7857446",
                        "VlocityRecordSObjectType": "%vlocity_namespace%__UISection__c"
                    },
                    "%vlocity_namespace%__Sequence__c": 50,
                    "%vlocity_namespace%__TabKeyOrder__c": "",
                    "%vlocity_namespace%__ViewType__c": "Field Layout",
                    "%vlocity_namespace%__ViewUri__c": "",
                    "Name": "49534dca-6184-abf2-5b68-52e2b5ca86a5",
                    "VlocityDataPackType": "SObject",
                    "VlocityRecordSObjectType": "%vlocity_namespace%__ObjectSection__c",
                    "VlocityRecordSourceKey": "%vlocity_namespace%__ObjectSection__c/49534dca-6184-abf2-5b68-52e2b5ca86a5"
                },
                {
                    "%vlocity_namespace%__ColumnLayout__c": "",
                    "%vlocity_namespace%__EffectiveFromDate__c": "",
                    "%vlocity_namespace%__EffectiveUntilDate__c": "",
                    "%vlocity_namespace%__GlobalKey__c": "4e227f87-4322-4d45-6c5b-f50f63aeca9a",
                    "%vlocity_namespace%__IsActive__c": true,
                    "%vlocity_namespace%__ObjectElement__c": [
                        {
                            "%vlocity_namespace%__AttributeId__c": "",
                            "%vlocity_namespace%__Column__c": "1",
                            "%vlocity_namespace%__EffectiveFromDate__c": "",
                            "%vlocity_namespace%__EffectiveUntilDate__c": "",
                            "%vlocity_namespace%__FieldApiName__c": "%vlocity_namespace%__IsActive__c",
                            "%vlocity_namespace%__GlobalKey__c": "960da681-b54f-ed45-6ab5-370af2d7d9e3",
                            "%vlocity_namespace%__IsActive__c": true,
                            "%vlocity_namespace%__IsRequired__c": false,
                            "%vlocity_namespace%__ObjectSectionId__c": {
                                "Name": "4e227f87-4322-4d45-6c5b-f50f63aeca9a",
                                "VlocityDataPackType": "VlocityMatchingKeyObject",
                                "VlocityMatchingRecordSourceKey": "%vlocity_namespace%__ObjectSection__c/4e227f87-4322-4d45-6c5b-f50f63aeca9a",
                                "VlocityRecordSObjectType": "%vlocity_namespace%__ObjectSection__c"
                            },
                            "%vlocity_namespace%__Sequence__c": 10,
                            "%vlocity_namespace%__Type__c": "Field",
                            "Name": "Active",
                            "VlocityDataPackType": "SObject",
                            "VlocityRecordSObjectType": "%vlocity_namespace%__ObjectElement__c",
                            "VlocityRecordSourceKey": "%vlocity_namespace%__ObjectElement__c/960da681-b54f-ed45-6ab5-370af2d7d9e3"
                        },
                        {
                            "%vlocity_namespace%__AttributeId__c": "",
                            "%vlocity_namespace%__Column__c": "1",
                            "%vlocity_namespace%__EffectiveFromDate__c": "",
                            "%vlocity_namespace%__EffectiveUntilDate__c": "",
                            "%vlocity_namespace%__FieldApiName__c": "%vlocity_namespace%__EffectiveFromDate__c",
                            "%vlocity_namespace%__GlobalKey__c": "62a74a80-5e13-7752-d56e-16443e64785a",
                            "%vlocity_namespace%__IsActive__c": true,
                            "%vlocity_namespace%__IsRequired__c": false,
                            "%vlocity_namespace%__ObjectSectionId__c": {
                                "Name": "4e227f87-4322-4d45-6c5b-f50f63aeca9a",
                                "VlocityDataPackType": "VlocityMatchingKeyObject",
                                "VlocityMatchingRecordSourceKey": "%vlocity_namespace%__ObjectSection__c/4e227f87-4322-4d45-6c5b-f50f63aeca9a",
                                "VlocityRecordSObjectType": "%vlocity_namespace%__ObjectSection__c"
                            },
                            "%vlocity_namespace%__Sequence__c": 20,
                            "%vlocity_namespace%__Type__c": "Field",
                            "Name": "Effective From",
                            "VlocityDataPackType": "SObject",
                            "VlocityRecordSObjectType": "%vlocity_namespace%__ObjectElement__c",
                            "VlocityRecordSourceKey": "%vlocity_namespace%__ObjectElement__c/62a74a80-5e13-7752-d56e-16443e64785a"
                        },
                        {
                            "%vlocity_namespace%__AttributeId__c": "",
                            "%vlocity_namespace%__Column__c": "1",
                            "%vlocity_namespace%__EffectiveFromDate__c": "",
                            "%vlocity_namespace%__EffectiveUntilDate__c": "",
                            "%vlocity_namespace%__FieldApiName__c": "%vlocity_namespace%__EffectiveUntilDate__c",
                            "%vlocity_namespace%__GlobalKey__c": "c6303e3d-e082-b7e6-b346-d0777f491e5b",
                            "%vlocity_namespace%__IsActive__c": true,
                            "%vlocity_namespace%__IsRequired__c": false,
                            "%vlocity_namespace%__ObjectSectionId__c": {
                                "Name": "4e227f87-4322-4d45-6c5b-f50f63aeca9a",
                                "VlocityDataPackType": "VlocityMatchingKeyObject",
                                "VlocityMatchingRecordSourceKey": "%vlocity_namespace%__ObjectSection__c/4e227f87-4322-4d45-6c5b-f50f63aeca9a",
                                "VlocityRecordSObjectType": "%vlocity_namespace%__ObjectSection__c"
                            },
                            "%vlocity_namespace%__Sequence__c": 30,
                            "%vlocity_namespace%__Type__c": "Field",
                            "Name": "Effective Until",
                            "VlocityDataPackType": "SObject",
                            "VlocityRecordSObjectType": "%vlocity_namespace%__ObjectElement__c",
                            "VlocityRecordSourceKey": "%vlocity_namespace%__ObjectElement__c/c6303e3d-e082-b7e6-b346-d0777f491e5b"
                        }
                    ],
                    "%vlocity_namespace%__ObjectFacetId__c": {
                        "Name": "727be27e-1ae1-b814-abef-64ec96a8e84d",
                        "VlocityDataPackType": "VlocityMatchingKeyObject",
                        "VlocityMatchingRecordSourceKey": "%vlocity_namespace%__ObjectFacet__c/727be27e-1ae1-b814-abef-64ec96a8e84d",
                        "VlocityRecordSObjectType": "%vlocity_namespace%__ObjectFacet__c"
                    },
                    "%vlocity_namespace%__SectionId__c": {
                        "%vlocity_namespace%__GlobalKey__c": "07fb6c10c8822dcf5708e0b13836de9d",
                        "VlocityDataPackType": "VlocityLookupMatchingKeyObject",
                        "VlocityLookupRecordSourceKey": "%vlocity_namespace%__UISection__c/07fb6c10c8822dcf5708e0b13836de9d",
                        "VlocityRecordSObjectType": "%vlocity_namespace%__UISection__c"
                    },
                    "%vlocity_namespace%__Sequence__c": 60,
                    "%vlocity_namespace%__TabKeyOrder__c": "",
                    "%vlocity_namespace%__ViewType__c": "Field Layout",
                    "%vlocity_namespace%__ViewUri__c": "",
                    "Name": "4e227f87-4322-4d45-6c5b-f50f63aeca9a",
                    "VlocityDataPackType": "SObject",
                    "VlocityRecordSObjectType": "%vlocity_namespace%__ObjectSection__c",
                    "VlocityRecordSourceKey": "%vlocity_namespace%__ObjectSection__c/4e227f87-4322-4d45-6c5b-f50f63aeca9a"
                }
            ],
            "%vlocity_namespace%__Sequence__c": 10,
            "Name": "727be27e-1ae1-b814-abef-64ec96a8e84d",
            "VlocityDataPackType": "SObject",
            "VlocityRecordSObjectType": "%vlocity_namespace%__ObjectFacet__c",
            "VlocityRecordSourceKey": "%vlocity_namespace%__ObjectFacet__c/727be27e-1ae1-b814-abef-64ec96a8e84d"
        }
    ],
    "%vlocity_namespace%__SubclassId__c": "",
    "Name": "PricingElementLayout",
    "VlocityDataPackType": "SObject",
    "VlocityRecordSObjectType": "%vlocity_namespace%__ObjectLayout__c",
    "VlocityRecordSourceKey": "%vlocity_namespace%__ObjectLayout__c/2449fd4fa3d4f854114607d079380900"
}