[
    {
        "%vlocity_namespace%__DestinationFieldApiName__c": "%vlocity_namespace%__RecurringTotal2__c",
        "%vlocity_namespace%__DestinationSObjectType__c": "Quote",
        "%vlocity_namespace%__PricingVariableId__c": {
            "%vlocity_namespace%__Code__c": "MASTER_ROLLUP_REC_MNTH_STD_PRC_TOTAL",
            "VlocityDataPackType": "VlocityMatchingKeyObject",
            "VlocityMatchingRecordSourceKey": "%vlocity_namespace%__PricingVariable__c/MASTER_ROLLUP_REC_MNTH_STD_PRC_TOTAL",
            "VlocityRecordSObjectType": "%vlocity_namespace%__PricingVariable__c"
        },
        "Name": "Master Rollup Recurring Std Price Total - Quote",
        "VlocityDataPackType": "SObject",
        "VlocityRecordSObjectType": "%vlocity_namespace%__PricingVariableBinding__c"
    }
]