[
    {
        "%vlocity_namespace%__BasePriceListId__c": "",
        "%vlocity_namespace%__DisplayText__c": "my pb",
        "%vlocity_namespace%__EffectiveFromDate__c": "2019-10-31T18:30:00.000Z",
        "%vlocity_namespace%__EffectiveUntilDate__c": "",
        "%vlocity_namespace%__GlobalKey__c": "11ede74c-a735-b9ed-cd8c-c32dc764b30a",
        "%vlocity_namespace%__IsActive__c": true,
        "%vlocity_namespace%__IsBasePrice__c": false,
        "%vlocity_namespace%__IsOverride__c": false,
        "%vlocity_namespace%__IsVirtualPrice__c": false,
        "%vlocity_namespace%__OfferId__c": "",
        "%vlocity_namespace%__PriceListId__c": {
            "%vlocity_namespace%__Code__c": "parameshPB",
            "VlocityDataPackType": "VlocityLookupMatchingKeyObject",
            "VlocityLookupRecordSourceKey": "%vlocity_namespace%__PriceList__c/parameshPB",
            "VlocityRecordSObjectType": "%vlocity_namespace%__PriceList__c"
        },
        "%vlocity_namespace%__PricingElementGlobalKey__c": "4f932980-6507-8ce9-1ade-2b1d53691526",
        "%vlocity_namespace%__PricingElementId__c": {
            "%vlocity_namespace%__GlobalKey__c": "d45c1d65-b80b-69fa-f83d-28d4d66e832d",
            "VlocityDataPackType": "VlocityLookupMatchingKeyObject",
            "VlocityLookupRecordSourceKey": "%vlocity_namespace%__PricingElement__c/d45c1d65-b80b-69fa-f83d-28d4d66e832d",
            "VlocityRecordSObjectType": "%vlocity_namespace%__PricingElement__c"
        },
        "%vlocity_namespace%__PricingMatrixBindingData__c": "",
        "%vlocity_namespace%__ProductId__c": {
            "%vlocity_namespace%__GlobalKey__c": "167fa992-b65a-0415-8e5c-1e4ee4a6cad2",
            "VlocityDataPackType": "VlocityMatchingKeyObject",
            "VlocityMatchingRecordSourceKey": "Product2/167fa992-b65a-0415-8e5c-1e4ee4a6cad2",
            "VlocityRecordSObjectType": "Product2"
        },
        "%vlocity_namespace%__PromotionId__c": "",
        "%vlocity_namespace%__PromotionItemId__c": "",
        "%vlocity_namespace%__RulesDescription__c": "",
        "%vlocity_namespace%__TimePlanId__c": "",
        "%vlocity_namespace%__TimePolicyId__c": "",
        "Name": "11ede74c-a735-b9ed-cd8c-c32dc764b30a",
        "VlocityDataPackType": "SObject",
        "VlocityRecordSObjectType": "%vlocity_namespace%__PriceListEntry__c",
        "VlocityRecordSourceKey": "%vlocity_namespace%__PriceListEntry__c/11ede74c-a735-b9ed-cd8c-c32dc764b30a"
    }
]