[
    {
        "%vlocity_namespace%__AddDate__c": "",
        "%vlocity_namespace%__AttributeAdjustmentComments__c": "",
        "%vlocity_namespace%__AttributeAdjustmentUnits__c": "",
        "%vlocity_namespace%__AttributeCategoryId__c": {
            "%vlocity_namespace%__Code__c": "f364744a-2251-b4cf-c9a7-36e320b05078",
            "VlocityDataPackType": "VlocityLookupMatchingKeyObject",
            "VlocityLookupRecordSourceKey": "%vlocity_namespace%__AttributeCategory__c/f364744a-2251-b4cf-c9a7-36e320b05078",
            "VlocityRecordSObjectType": "%vlocity_namespace%__AttributeCategory__c"
        },
        "%vlocity_namespace%__AttributeDisplayNameOverride__c": "",
        "%vlocity_namespace%__AttributeDisplaySequence__c": "1",
        "%vlocity_namespace%__AttributeId__c": {
            "%vlocity_namespace%__Code__c": "Battery",
            "VlocityDataPackType": "VlocityLookupMatchingKeyObject",
            "VlocityLookupRecordSourceKey": "%vlocity_namespace%__Attribute__c/Battery",
            "VlocityRecordSObjectType": "%vlocity_namespace%__Attribute__c"
        },
        "%vlocity_namespace%__AttributeId__r.%vlocity_namespace%__Code__c": "Battery",
        "%vlocity_namespace%__ConfigurationDetail__c": "",
        "%vlocity_namespace%__ConfigurationStages__c": "",
        "%vlocity_namespace%__CustomConfigUiTemplate__c": "",
        "%vlocity_namespace%__Data__c": "",
        "%vlocity_namespace%__DefaultPicklistValueId__c": "",
        "%vlocity_namespace%__DisplaySequence__c": "2",
        "%vlocity_namespace%__EndStory__c": "",
        "%vlocity_namespace%__ExcludedPicklistValues__c": "",
        "%vlocity_namespace%__FormatMask__c": "",
        "%vlocity_namespace%__GlobalKey__c": "7474263c-464c-81ea-39d0-6569ed5866f5",
        "%vlocity_namespace%__HasRule__c": false,
        "%vlocity_namespace%__HelpText__c": "",
        "%vlocity_namespace%__IsActiveAssignment__c": true,
        "%vlocity_namespace%__IsActive__c": true,
        "%vlocity_namespace%__IsConfigurable__c": false,
        "%vlocity_namespace%__IsDynamic__c": false,
        "%vlocity_namespace%__IsEncrypted__c": false,
        "%vlocity_namespace%__IsHidden__c": false,
        "%vlocity_namespace%__IsNotAssetizable__c": false,
        "%vlocity_namespace%__IsNotTranslatable__c": false,
        "%vlocity_namespace%__IsOverride__c": false,
        "%vlocity_namespace%__IsQueryDriven__c": false,
        "%vlocity_namespace%__IsReadOnly__c": false,
        "%vlocity_namespace%__IsRequired__c": false,
        "%vlocity_namespace%__LookupFilter__c": "",
        "%vlocity_namespace%__LookupObjectId__c": "",
        "%vlocity_namespace%__LookupObjectTypeId__c": "",
        "%vlocity_namespace%__ObjectId__c": {
            "%vlocity_namespace%__GlobalKey__c": "66e76f65-3989-963a-7f09-7ab004f4fc2a",
            "VlocityDataPackType": "VlocityMatchingKeyObject",
            "VlocityMatchingRecordSourceKey": "Product2/66e76f65-3989-963a-7f09-7ab004f4fc2a",
            "VlocityRecordSObjectType": "Product2"
        },
        "%vlocity_namespace%__ObjectType__c": "Product2",
        "%vlocity_namespace%__PicklistId__c": "",
        "%vlocity_namespace%__QueryCode__c": "",
        "%vlocity_namespace%__QueryLabel__c": "",
        "%vlocity_namespace%__RemoveDate__c": "",
        "%vlocity_namespace%__RemovedFlag__c": false,
        "%vlocity_namespace%__RuleData__c": "",
        "%vlocity_namespace%__RuleMessage__c": "",
        "%vlocity_namespace%__StartStory__c": "",
        "%vlocity_namespace%__UIDisplayType__c": "",
        "%vlocity_namespace%__ValidValuesData__c": "",
        "%vlocity_namespace%__ValueDataType__c": "Text",
        "%vlocity_namespace%__ValueDecoder__c": "",
        "%vlocity_namespace%__ValueDescription__c": "",
        "%vlocity_namespace%__Value__c": "5000mAh",
        "Name": "Battery",
        "VlocityDataPackType": "SObject",
        "VlocityRecordSObjectType": "%vlocity_namespace%__AttributeAssignment__c",
        "VlocityRecordSourceKey": "%vlocity_namespace%__AttributeAssignment__c/7474263c-464c-81ea-39d0-6569ed5866f5"
    },
    {
        "%vlocity_namespace%__AddDate__c": "",
        "%vlocity_namespace%__AttributeAdjustmentComments__c": "",
        "%vlocity_namespace%__AttributeAdjustmentUnits__c": "",
        "%vlocity_namespace%__AttributeCategoryId__c": {
            "%vlocity_namespace%__Code__c": "f364744a-2251-b4cf-c9a7-36e320b05078",
            "VlocityDataPackType": "VlocityLookupMatchingKeyObject",
            "VlocityLookupRecordSourceKey": "%vlocity_namespace%__AttributeCategory__c/f364744a-2251-b4cf-c9a7-36e320b05078",
            "VlocityRecordSObjectType": "%vlocity_namespace%__AttributeCategory__c"
        },
        "%vlocity_namespace%__AttributeDisplayNameOverride__c": "",
        "%vlocity_namespace%__AttributeDisplaySequence__c": "1",
        "%vlocity_namespace%__AttributeId__c": {
            "%vlocity_namespace%__Code__c": "Camera",
            "VlocityDataPackType": "VlocityLookupMatchingKeyObject",
            "VlocityLookupRecordSourceKey": "%vlocity_namespace%__Attribute__c/Camera",
            "VlocityRecordSObjectType": "%vlocity_namespace%__Attribute__c"
        },
        "%vlocity_namespace%__AttributeId__r.%vlocity_namespace%__Code__c": "Camera",
        "%vlocity_namespace%__ConfigurationDetail__c": "",
        "%vlocity_namespace%__ConfigurationStages__c": "",
        "%vlocity_namespace%__CustomConfigUiTemplate__c": "",
        "%vlocity_namespace%__Data__c": "",
        "%vlocity_namespace%__DefaultPicklistValueId__c": "",
        "%vlocity_namespace%__DisplaySequence__c": "2",
        "%vlocity_namespace%__EndStory__c": "",
        "%vlocity_namespace%__ExcludedPicklistValues__c": "",
        "%vlocity_namespace%__FormatMask__c": "",
        "%vlocity_namespace%__GlobalKey__c": "37b85efa-8bd6-0790-9ec1-33b282617599",
        "%vlocity_namespace%__HasRule__c": false,
        "%vlocity_namespace%__HelpText__c": "",
        "%vlocity_namespace%__IsActiveAssignment__c": true,
        "%vlocity_namespace%__IsActive__c": true,
        "%vlocity_namespace%__IsConfigurable__c": false,
        "%vlocity_namespace%__IsDynamic__c": false,
        "%vlocity_namespace%__IsEncrypted__c": false,
        "%vlocity_namespace%__IsHidden__c": false,
        "%vlocity_namespace%__IsNotAssetizable__c": false,
        "%vlocity_namespace%__IsNotTranslatable__c": false,
        "%vlocity_namespace%__IsOverride__c": false,
        "%vlocity_namespace%__IsQueryDriven__c": false,
        "%vlocity_namespace%__IsReadOnly__c": false,
        "%vlocity_namespace%__IsRequired__c": false,
        "%vlocity_namespace%__LookupFilter__c": "",
        "%vlocity_namespace%__LookupObjectId__c": "",
        "%vlocity_namespace%__LookupObjectTypeId__c": "",
        "%vlocity_namespace%__ObjectId__c": {
            "%vlocity_namespace%__GlobalKey__c": "66e76f65-3989-963a-7f09-7ab004f4fc2a",
            "VlocityDataPackType": "VlocityMatchingKeyObject",
            "VlocityMatchingRecordSourceKey": "Product2/66e76f65-3989-963a-7f09-7ab004f4fc2a",
            "VlocityRecordSObjectType": "Product2"
        },
        "%vlocity_namespace%__ObjectType__c": "Product2",
        "%vlocity_namespace%__PicklistId__c": "",
        "%vlocity_namespace%__QueryCode__c": "",
        "%vlocity_namespace%__QueryLabel__c": "",
        "%vlocity_namespace%__RemoveDate__c": "",
        "%vlocity_namespace%__RemovedFlag__c": false,
        "%vlocity_namespace%__RuleData__c": "",
        "%vlocity_namespace%__RuleMessage__c": "",
        "%vlocity_namespace%__StartStory__c": "",
        "%vlocity_namespace%__UIDisplayType__c": "",
        "%vlocity_namespace%__ValidValuesData__c": "",
        "%vlocity_namespace%__ValueDataType__c": "Text",
        "%vlocity_namespace%__ValueDecoder__c": "",
        "%vlocity_namespace%__ValueDescription__c": "",
        "%vlocity_namespace%__Value__c": "16MP",
        "Name": "Camera",
        "VlocityDataPackType": "SObject",
        "VlocityRecordSObjectType": "%vlocity_namespace%__AttributeAssignment__c",
        "VlocityRecordSourceKey": "%vlocity_namespace%__AttributeAssignment__c/37b85efa-8bd6-0790-9ec1-33b282617599"
    },
    {
        "%vlocity_namespace%__AddDate__c": "",
        "%vlocity_namespace%__AttributeAdjustmentComments__c": "",
        "%vlocity_namespace%__AttributeAdjustmentUnits__c": "",
        "%vlocity_namespace%__AttributeCategoryId__c": {
            "%vlocity_namespace%__Code__c": "f364744a-2251-b4cf-c9a7-36e320b05078",
            "VlocityDataPackType": "VlocityLookupMatchingKeyObject",
            "VlocityLookupRecordSourceKey": "%vlocity_namespace%__AttributeCategory__c/f364744a-2251-b4cf-c9a7-36e320b05078",
            "VlocityRecordSObjectType": "%vlocity_namespace%__AttributeCategory__c"
        },
        "%vlocity_namespace%__AttributeDisplayNameOverride__c": "",
        "%vlocity_namespace%__AttributeDisplaySequence__c": "1",
        "%vlocity_namespace%__AttributeId__c": {
            "%vlocity_namespace%__Code__c": "Color",
            "VlocityDataPackType": "VlocityLookupMatchingKeyObject",
            "VlocityLookupRecordSourceKey": "%vlocity_namespace%__Attribute__c/Color",
            "VlocityRecordSObjectType": "%vlocity_namespace%__Attribute__c"
        },
        "%vlocity_namespace%__AttributeId__r.%vlocity_namespace%__Code__c": "Color",
        "%vlocity_namespace%__ConfigurationDetail__c": "",
        "%vlocity_namespace%__ConfigurationStages__c": "",
        "%vlocity_namespace%__CustomConfigUiTemplate__c": "",
        "%vlocity_namespace%__Data__c": "",
        "%vlocity_namespace%__DefaultPicklistValueId__c": "",
        "%vlocity_namespace%__DisplaySequence__c": "2",
        "%vlocity_namespace%__EndStory__c": "",
        "%vlocity_namespace%__ExcludedPicklistValues__c": "",
        "%vlocity_namespace%__FormatMask__c": "",
        "%vlocity_namespace%__GlobalKey__c": "0bd47aea-9c2a-fd4f-58a0-a8bb238a91a2",
        "%vlocity_namespace%__HasRule__c": false,
        "%vlocity_namespace%__HelpText__c": "",
        "%vlocity_namespace%__IsActiveAssignment__c": true,
        "%vlocity_namespace%__IsActive__c": true,
        "%vlocity_namespace%__IsConfigurable__c": true,
        "%vlocity_namespace%__IsDynamic__c": false,
        "%vlocity_namespace%__IsEncrypted__c": false,
        "%vlocity_namespace%__IsHidden__c": false,
        "%vlocity_namespace%__IsNotAssetizable__c": false,
        "%vlocity_namespace%__IsNotTranslatable__c": false,
        "%vlocity_namespace%__IsOverride__c": false,
        "%vlocity_namespace%__IsQueryDriven__c": false,
        "%vlocity_namespace%__IsReadOnly__c": false,
        "%vlocity_namespace%__IsRequired__c": false,
        "%vlocity_namespace%__LookupFilter__c": "",
        "%vlocity_namespace%__LookupObjectId__c": "",
        "%vlocity_namespace%__LookupObjectTypeId__c": "",
        "%vlocity_namespace%__ObjectId__c": {
            "%vlocity_namespace%__GlobalKey__c": "66e76f65-3989-963a-7f09-7ab004f4fc2a",
            "VlocityDataPackType": "VlocityMatchingKeyObject",
            "VlocityMatchingRecordSourceKey": "Product2/66e76f65-3989-963a-7f09-7ab004f4fc2a",
            "VlocityRecordSObjectType": "Product2"
        },
        "%vlocity_namespace%__ObjectType__c": "Product2",
        "%vlocity_namespace%__PicklistId__c": "",
        "%vlocity_namespace%__QueryCode__c": "",
        "%vlocity_namespace%__QueryLabel__c": "",
        "%vlocity_namespace%__RemoveDate__c": "",
        "%vlocity_namespace%__RemovedFlag__c": false,
        "%vlocity_namespace%__RuleData__c": "",
        "%vlocity_namespace%__RuleMessage__c": "",
        "%vlocity_namespace%__StartStory__c": "",
        "%vlocity_namespace%__UIDisplayType__c": "Radiobutton",
        "%vlocity_namespace%__ValidValuesData__c": [
            {
                "displayText": "Red",
                "id": 1,
                "isDefault": true,
                "isEditable": false,
                "value": "#FF0000"
            },
            {
                "displayText": "Gold",
                "id": 2,
                "isDefault": false,
                "isEditable": false,
                "value": "#D4AF37"
            },
            {
                "displayText": "Black",
                "id": 3,
                "isDefault": false,
                "isEditable": true,
                "value": "#000000"
            }
        ],
        "%vlocity_namespace%__ValueDataType__c": "Picklist",
        "%vlocity_namespace%__ValueDecoder__c": "",
        "%vlocity_namespace%__ValueDescription__c": "",
        "%vlocity_namespace%__Value__c": "",
        "Name": "Color",
        "VlocityDataPackType": "SObject",
        "VlocityRecordSObjectType": "%vlocity_namespace%__AttributeAssignment__c",
        "VlocityRecordSourceKey": "%vlocity_namespace%__AttributeAssignment__c/0bd47aea-9c2a-fd4f-58a0-a8bb238a91a2"
    },
    {
        "%vlocity_namespace%__AddDate__c": "",
        "%vlocity_namespace%__AttributeAdjustmentComments__c": "",
        "%vlocity_namespace%__AttributeAdjustmentUnits__c": "",
        "%vlocity_namespace%__AttributeCategoryId__c": {
            "%vlocity_namespace%__Code__c": "f364744a-2251-b4cf-c9a7-36e320b05078",
            "VlocityDataPackType": "VlocityLookupMatchingKeyObject",
            "VlocityLookupRecordSourceKey": "%vlocity_namespace%__AttributeCategory__c/f364744a-2251-b4cf-c9a7-36e320b05078",
            "VlocityRecordSObjectType": "%vlocity_namespace%__AttributeCategory__c"
        },
        "%vlocity_namespace%__AttributeDisplayNameOverride__c": "",
        "%vlocity_namespace%__AttributeDisplaySequence__c": "1",
        "%vlocity_namespace%__AttributeId__c": {
            "%vlocity_namespace%__Code__c": "Display",
            "VlocityDataPackType": "VlocityLookupMatchingKeyObject",
            "VlocityLookupRecordSourceKey": "%vlocity_namespace%__Attribute__c/Display",
            "VlocityRecordSObjectType": "%vlocity_namespace%__Attribute__c"
        },
        "%vlocity_namespace%__AttributeId__r.%vlocity_namespace%__Code__c": "Display",
        "%vlocity_namespace%__ConfigurationDetail__c": "",
        "%vlocity_namespace%__ConfigurationStages__c": "",
        "%vlocity_namespace%__CustomConfigUiTemplate__c": "",
        "%vlocity_namespace%__Data__c": "",
        "%vlocity_namespace%__DefaultPicklistValueId__c": "",
        "%vlocity_namespace%__DisplaySequence__c": "2",
        "%vlocity_namespace%__EndStory__c": "",
        "%vlocity_namespace%__ExcludedPicklistValues__c": "",
        "%vlocity_namespace%__FormatMask__c": "",
        "%vlocity_namespace%__GlobalKey__c": "9403ac99-8c25-d398-de87-8215a7bb2248",
        "%vlocity_namespace%__HasRule__c": false,
        "%vlocity_namespace%__HelpText__c": "",
        "%vlocity_namespace%__IsActiveAssignment__c": true,
        "%vlocity_namespace%__IsActive__c": true,
        "%vlocity_namespace%__IsConfigurable__c": false,
        "%vlocity_namespace%__IsDynamic__c": false,
        "%vlocity_namespace%__IsEncrypted__c": false,
        "%vlocity_namespace%__IsHidden__c": false,
        "%vlocity_namespace%__IsNotAssetizable__c": false,
        "%vlocity_namespace%__IsNotTranslatable__c": false,
        "%vlocity_namespace%__IsOverride__c": false,
        "%vlocity_namespace%__IsQueryDriven__c": false,
        "%vlocity_namespace%__IsReadOnly__c": false,
        "%vlocity_namespace%__IsRequired__c": false,
        "%vlocity_namespace%__LookupFilter__c": "",
        "%vlocity_namespace%__LookupObjectId__c": "",
        "%vlocity_namespace%__LookupObjectTypeId__c": "",
        "%vlocity_namespace%__ObjectId__c": {
            "%vlocity_namespace%__GlobalKey__c": "66e76f65-3989-963a-7f09-7ab004f4fc2a",
            "VlocityDataPackType": "VlocityMatchingKeyObject",
            "VlocityMatchingRecordSourceKey": "Product2/66e76f65-3989-963a-7f09-7ab004f4fc2a",
            "VlocityRecordSObjectType": "Product2"
        },
        "%vlocity_namespace%__ObjectType__c": "Product2",
        "%vlocity_namespace%__PicklistId__c": "",
        "%vlocity_namespace%__QueryCode__c": "",
        "%vlocity_namespace%__QueryLabel__c": "",
        "%vlocity_namespace%__RemoveDate__c": "",
        "%vlocity_namespace%__RemovedFlag__c": false,
        "%vlocity_namespace%__RuleData__c": "",
        "%vlocity_namespace%__RuleMessage__c": "",
        "%vlocity_namespace%__StartStory__c": "",
        "%vlocity_namespace%__UIDisplayType__c": "",
        "%vlocity_namespace%__ValidValuesData__c": "",
        "%vlocity_namespace%__ValueDataType__c": "Text",
        "%vlocity_namespace%__ValueDecoder__c": "",
        "%vlocity_namespace%__ValueDescription__c": "",
        "%vlocity_namespace%__Value__c": "Retina HD Plus",
        "Name": "Display",
        "VlocityDataPackType": "SObject",
        "VlocityRecordSObjectType": "%vlocity_namespace%__AttributeAssignment__c",
        "VlocityRecordSourceKey": "%vlocity_namespace%__AttributeAssignment__c/9403ac99-8c25-d398-de87-8215a7bb2248"
    },
    {
        "%vlocity_namespace%__AddDate__c": "",
        "%vlocity_namespace%__AttributeAdjustmentComments__c": "",
        "%vlocity_namespace%__AttributeAdjustmentUnits__c": "",
        "%vlocity_namespace%__AttributeCategoryId__c": {
            "%vlocity_namespace%__Code__c": "f364744a-2251-b4cf-c9a7-36e320b05078",
            "VlocityDataPackType": "VlocityLookupMatchingKeyObject",
            "VlocityLookupRecordSourceKey": "%vlocity_namespace%__AttributeCategory__c/f364744a-2251-b4cf-c9a7-36e320b05078",
            "VlocityRecordSObjectType": "%vlocity_namespace%__AttributeCategory__c"
        },
        "%vlocity_namespace%__AttributeDisplayNameOverride__c": "",
        "%vlocity_namespace%__AttributeDisplaySequence__c": "1",
        "%vlocity_namespace%__AttributeId__c": {
            "%vlocity_namespace%__Code__c": "Memory",
            "VlocityDataPackType": "VlocityLookupMatchingKeyObject",
            "VlocityLookupRecordSourceKey": "%vlocity_namespace%__Attribute__c/Memory",
            "VlocityRecordSObjectType": "%vlocity_namespace%__Attribute__c"
        },
        "%vlocity_namespace%__AttributeId__r.%vlocity_namespace%__Code__c": "Memory",
        "%vlocity_namespace%__ConfigurationDetail__c": "",
        "%vlocity_namespace%__ConfigurationStages__c": "",
        "%vlocity_namespace%__CustomConfigUiTemplate__c": "",
        "%vlocity_namespace%__Data__c": "",
        "%vlocity_namespace%__DefaultPicklistValueId__c": "",
        "%vlocity_namespace%__DisplaySequence__c": "2",
        "%vlocity_namespace%__EndStory__c": "",
        "%vlocity_namespace%__ExcludedPicklistValues__c": "",
        "%vlocity_namespace%__FormatMask__c": "",
        "%vlocity_namespace%__GlobalKey__c": "805affe7-5d54-e7f9-fcf2-890c2b830064",
        "%vlocity_namespace%__HasRule__c": false,
        "%vlocity_namespace%__HelpText__c": "",
        "%vlocity_namespace%__IsActiveAssignment__c": true,
        "%vlocity_namespace%__IsActive__c": true,
        "%vlocity_namespace%__IsConfigurable__c": true,
        "%vlocity_namespace%__IsDynamic__c": false,
        "%vlocity_namespace%__IsEncrypted__c": false,
        "%vlocity_namespace%__IsHidden__c": false,
        "%vlocity_namespace%__IsNotAssetizable__c": false,
        "%vlocity_namespace%__IsNotTranslatable__c": false,
        "%vlocity_namespace%__IsOverride__c": false,
        "%vlocity_namespace%__IsQueryDriven__c": false,
        "%vlocity_namespace%__IsReadOnly__c": false,
        "%vlocity_namespace%__IsRequired__c": false,
        "%vlocity_namespace%__LookupFilter__c": "",
        "%vlocity_namespace%__LookupObjectId__c": "",
        "%vlocity_namespace%__LookupObjectTypeId__c": "",
        "%vlocity_namespace%__ObjectId__c": {
            "%vlocity_namespace%__GlobalKey__c": "66e76f65-3989-963a-7f09-7ab004f4fc2a",
            "VlocityDataPackType": "VlocityMatchingKeyObject",
            "VlocityMatchingRecordSourceKey": "Product2/66e76f65-3989-963a-7f09-7ab004f4fc2a",
            "VlocityRecordSObjectType": "Product2"
        },
        "%vlocity_namespace%__ObjectType__c": "Product2",
        "%vlocity_namespace%__PicklistId__c": "",
        "%vlocity_namespace%__QueryCode__c": "",
        "%vlocity_namespace%__QueryLabel__c": "",
        "%vlocity_namespace%__RemoveDate__c": "",
        "%vlocity_namespace%__RemovedFlag__c": false,
        "%vlocity_namespace%__RuleData__c": "",
        "%vlocity_namespace%__RuleMessage__c": "",
        "%vlocity_namespace%__StartStory__c": "",
        "%vlocity_namespace%__UIDisplayType__c": "Dropdown",
        "%vlocity_namespace%__ValidValuesData__c": [
            {
                "displayText": "16GB",
                "id": 1,
                "isDefault": true,
                "isEditable": false,
                "value": "16GB"
            },
            {
                "displayText": "32GB",
                "id": 2,
                "isDefault": false,
                "isEditable": false,
                "value": "32GB"
            },
            {
                "displayText": "64GB",
                "id": 3,
                "isDefault": false,
                "isEditable": true,
                "value": "64GB"
            }
        ],
        "%vlocity_namespace%__ValueDataType__c": "Picklist",
        "%vlocity_namespace%__ValueDecoder__c": "",
        "%vlocity_namespace%__ValueDescription__c": "",
        "%vlocity_namespace%__Value__c": "",
        "Name": "Memory",
        "VlocityDataPackType": "SObject",
        "VlocityRecordSObjectType": "%vlocity_namespace%__AttributeAssignment__c",
        "VlocityRecordSourceKey": "%vlocity_namespace%__AttributeAssignment__c/805affe7-5d54-e7f9-fcf2-890c2b830064"
    },
    {
        "%vlocity_namespace%__AddDate__c": "",
        "%vlocity_namespace%__AttributeAdjustmentComments__c": "",
        "%vlocity_namespace%__AttributeAdjustmentUnits__c": "",
        "%vlocity_namespace%__AttributeCategoryId__c": {
            "%vlocity_namespace%__Code__c": "f364744a-2251-b4cf-c9a7-36e320b05078",
            "VlocityDataPackType": "VlocityLookupMatchingKeyObject",
            "VlocityLookupRecordSourceKey": "%vlocity_namespace%__AttributeCategory__c/f364744a-2251-b4cf-c9a7-36e320b05078",
            "VlocityRecordSObjectType": "%vlocity_namespace%__AttributeCategory__c"
        },
        "%vlocity_namespace%__AttributeDisplayNameOverride__c": "",
        "%vlocity_namespace%__AttributeDisplaySequence__c": "1",
        "%vlocity_namespace%__AttributeId__c": {
            "%vlocity_namespace%__Code__c": "Processor",
            "VlocityDataPackType": "VlocityLookupMatchingKeyObject",
            "VlocityLookupRecordSourceKey": "%vlocity_namespace%__Attribute__c/Processor",
            "VlocityRecordSObjectType": "%vlocity_namespace%__Attribute__c"
        },
        "%vlocity_namespace%__AttributeId__r.%vlocity_namespace%__Code__c": "Processor",
        "%vlocity_namespace%__ConfigurationDetail__c": "",
        "%vlocity_namespace%__ConfigurationStages__c": "",
        "%vlocity_namespace%__CustomConfigUiTemplate__c": "",
        "%vlocity_namespace%__Data__c": "",
        "%vlocity_namespace%__DefaultPicklistValueId__c": "",
        "%vlocity_namespace%__DisplaySequence__c": "2",
        "%vlocity_namespace%__EndStory__c": "",
        "%vlocity_namespace%__ExcludedPicklistValues__c": "",
        "%vlocity_namespace%__FormatMask__c": "",
        "%vlocity_namespace%__GlobalKey__c": "955508a8-cf50-a8dc-e83f-5aedd6b0e508",
        "%vlocity_namespace%__HasRule__c": false,
        "%vlocity_namespace%__HelpText__c": "",
        "%vlocity_namespace%__IsActiveAssignment__c": true,
        "%vlocity_namespace%__IsActive__c": true,
        "%vlocity_namespace%__IsConfigurable__c": false,
        "%vlocity_namespace%__IsDynamic__c": false,
        "%vlocity_namespace%__IsEncrypted__c": false,
        "%vlocity_namespace%__IsHidden__c": false,
        "%vlocity_namespace%__IsNotAssetizable__c": false,
        "%vlocity_namespace%__IsNotTranslatable__c": false,
        "%vlocity_namespace%__IsOverride__c": false,
        "%vlocity_namespace%__IsQueryDriven__c": false,
        "%vlocity_namespace%__IsReadOnly__c": false,
        "%vlocity_namespace%__IsRequired__c": false,
        "%vlocity_namespace%__LookupFilter__c": "",
        "%vlocity_namespace%__LookupObjectId__c": "",
        "%vlocity_namespace%__LookupObjectTypeId__c": "",
        "%vlocity_namespace%__ObjectId__c": {
            "%vlocity_namespace%__GlobalKey__c": "66e76f65-3989-963a-7f09-7ab004f4fc2a",
            "VlocityDataPackType": "VlocityMatchingKeyObject",
            "VlocityMatchingRecordSourceKey": "Product2/66e76f65-3989-963a-7f09-7ab004f4fc2a",
            "VlocityRecordSObjectType": "Product2"
        },
        "%vlocity_namespace%__ObjectType__c": "Product2",
        "%vlocity_namespace%__PicklistId__c": "",
        "%vlocity_namespace%__QueryCode__c": "",
        "%vlocity_namespace%__QueryLabel__c": "",
        "%vlocity_namespace%__RemoveDate__c": "",
        "%vlocity_namespace%__RemovedFlag__c": false,
        "%vlocity_namespace%__RuleData__c": "",
        "%vlocity_namespace%__RuleMessage__c": "",
        "%vlocity_namespace%__StartStory__c": "",
        "%vlocity_namespace%__UIDisplayType__c": "",
        "%vlocity_namespace%__ValidValuesData__c": "",
        "%vlocity_namespace%__ValueDataType__c": "Text",
        "%vlocity_namespace%__ValueDecoder__c": "",
        "%vlocity_namespace%__ValueDescription__c": "",
        "%vlocity_namespace%__Value__c": "A10 Bionic Chip",
        "Name": "Processor",
        "VlocityDataPackType": "SObject",
        "VlocityRecordSObjectType": "%vlocity_namespace%__AttributeAssignment__c",
        "VlocityRecordSourceKey": "%vlocity_namespace%__AttributeAssignment__c/955508a8-cf50-a8dc-e83f-5aedd6b0e508"
    }
]