{
    "%vlocity_namespace%__Channel__c": "",
    "%vlocity_namespace%__ContentType__c": "Video",
    "%vlocity_namespace%__Description__c": "#899388",
    "%vlocity_namespace%__DisplayConditionsData__c": "",
    "%vlocity_namespace%__GlobalKey__c": "690add73-2034-4fb7-032b-67f2426518b8",
    "%vlocity_namespace%__IsDefaultImage__c": false,
    "%vlocity_namespace%__IsPrivate__c": false,
    "%vlocity_namespace%__ObjectId__c": {
        "%vlocity_namespace%__GlobalKey__c": "046f59f2-788c-27bc-a33e-5b8cbcdc22fe",
        "VlocityDataPackType": "VlocityLookupMatchingKeyObject",
        "VlocityLookupRecordSourceKey": "Product2/046f59f2-788c-27bc-a33e-5b8cbcdc22fe",
        "VlocityRecordSObjectType": "Product2"
    },
    "%vlocity_namespace%__SequenceNumber__c": 7,
    "%vlocity_namespace%__UrlLong__c": "https://www.apple.com/newsroom/videos/iphone-11-pro/iPhone11_Pro-sharp-4k-cc-us-_1280x720h.mp4",
    "%vlocity_namespace%__Url__c": "",
    "Name": "iPhone11Pro-Green-4",
    "VlocityDataPackType": "SObject",
    "VlocityRecordSObjectType": "%vlocity_namespace%__VlocityAttachment__c",
    "VlocityRecordSourceKey": "%vlocity_namespace%__VlocityAttachment__c/690add73-2034-4fb7-032b-67f2426518b8"
}