{
    "%vlocity_namespace%__Channel__c": "",
    "%vlocity_namespace%__ContentType__c": "Image",
    "%vlocity_namespace%__Description__c": "airpods",
    "%vlocity_namespace%__DisplayConditionsData__c": "",
    "%vlocity_namespace%__GlobalKey__c": "72dd73c1-c8ce-202c-32d5-fcc737ff6d02",
    "%vlocity_namespace%__IsDefaultImage__c": true,
    "%vlocity_namespace%__IsPrivate__c": false,
    "%vlocity_namespace%__ObjectId__c": {
        "%vlocity_namespace%__GlobalKey__c": "167fa992-b65a-0415-8e5c-1e4ee4a6cad2",
        "VlocityDataPackType": "VlocityLookupMatchingKeyObject",
        "VlocityLookupRecordSourceKey": "Product2/167fa992-b65a-0415-8e5c-1e4ee4a6cad2",
        "VlocityRecordSObjectType": "Product2"
    },
    "%vlocity_namespace%__SequenceNumber__c": 0,
    "%vlocity_namespace%__UrlLong__c": "https://i5.walmartimages.com/asr/ac793ff4-d3da-4cbe-beba-f956e7494490_1.5bae15688eb0aafd22a99d01a072f9db.jpeg?odnWidth=undefined&odnHeight=undefined&odnBg=ffffff",
    "%vlocity_namespace%__Url__c": "",
    "Name": "airpods",
    "VlocityDataPackType": "SObject",
    "VlocityRecordSObjectType": "%vlocity_namespace%__VlocityAttachment__c",
    "VlocityRecordSourceKey": "%vlocity_namespace%__VlocityAttachment__c/72dd73c1-c8ce-202c-32d5-fcc737ff6d02"
}