[
    {
        "%vlocity_namespace%__AllowIndependentLifeCycle__c": false,
        "%vlocity_namespace%__ChildLineNumber__c": "0",
        "%vlocity_namespace%__ChildProductId__c": {
            "%vlocity_namespace%__GlobalKey__c": "67fb6abc-6662-12ad-c353-7e965af94729",
            "VlocityDataPackType": "VlocityLookupMatchingKeyObject",
            "VlocityLookupRecordSourceKey": "Product2/67fb6abc-6662-12ad-c353-7e965af94729",
            "VlocityRecordSObjectType": "Product2"
        },
        "%vlocity_namespace%__CollapseHierarchy__c": false,
        "%vlocity_namespace%__GlobalKey__c": "2f74c59b-0d2c-8703-2c71-a4cfe976591c",
        "%vlocity_namespace%__IsOverride__c": false,
        "%vlocity_namespace%__IsRootProductChildItem__c": false,
        "%vlocity_namespace%__IsVirtualItem__c": true,
        "%vlocity_namespace%__MaxQuantity__c": 1,
        "%vlocity_namespace%__MaximumChildItemQuantity__c": 1,
        "%vlocity_namespace%__MinMaxDefaultQty__c": "1, 1, 1",
        "%vlocity_namespace%__MinQuantity__c": 1,
        "%vlocity_namespace%__MinimumChildItemQuantity__c": 0,
        "%vlocity_namespace%__ParentProductId__c": {
            "%vlocity_namespace%__GlobalKey__c": "006f6f54-91a6-4abc-44fc-4893fb5ce2ea",
            "VlocityDataPackType": "VlocityMatchingKeyObject",
            "VlocityMatchingRecordSourceKey": "Product2/006f6f54-91a6-4abc-44fc-4893fb5ce2ea",
            "VlocityRecordSObjectType": "Product2"
        },
        "%vlocity_namespace%__Quantity__c": 1,
        "%vlocity_namespace%__RelationshipType__c": "Child",
        "%vlocity_namespace%__SelectionMethodImplementation__c": "",
        "%vlocity_namespace%__SeqNumber__c": 0,
        "Name": "2f74c59b-0d2c-8703-2c71-a4cfe976591c",
        "VlocityDataPackType": "SObject",
        "VlocityRecordSObjectType": "%vlocity_namespace%__ProductChildItem__c",
        "VlocityRecordSourceKey": "%vlocity_namespace%__ProductChildItem__c/2f74c59b-0d2c-8703-2c71-a4cfe976591c"
    },
    {
        "%vlocity_namespace%__AllowIndependentLifeCycle__c": false,
        "%vlocity_namespace%__ChildLineNumber__c": "1",
        "%vlocity_namespace%__ChildProductId__c": "",
        "%vlocity_namespace%__CollapseHierarchy__c": false,
        "%vlocity_namespace%__GlobalKey__c": "3ff998ad-925c-1f8f-260a-5e3b99600aa6",
        "%vlocity_namespace%__IsOverride__c": false,
        "%vlocity_namespace%__IsRootProductChildItem__c": true,
        "%vlocity_namespace%__IsVirtualItem__c": false,
        "%vlocity_namespace%__MaxQuantity__c": 99999,
        "%vlocity_namespace%__MaximumChildItemQuantity__c": 99999,
        "%vlocity_namespace%__MinMaxDefaultQty__c": "0, 99999, 1",
        "%vlocity_namespace%__MinQuantity__c": 0,
        "%vlocity_namespace%__MinimumChildItemQuantity__c": 0,
        "%vlocity_namespace%__ParentProductId__c": {
            "%vlocity_namespace%__GlobalKey__c": "006f6f54-91a6-4abc-44fc-4893fb5ce2ea",
            "VlocityDataPackType": "VlocityMatchingKeyObject",
            "VlocityMatchingRecordSourceKey": "Product2/006f6f54-91a6-4abc-44fc-4893fb5ce2ea",
            "VlocityRecordSObjectType": "Product2"
        },
        "%vlocity_namespace%__Quantity__c": 1,
        "%vlocity_namespace%__RelationshipType__c": "Child",
        "%vlocity_namespace%__SelectionMethodImplementation__c": "",
        "%vlocity_namespace%__SeqNumber__c": 1,
        "Name": "Root PCI",
        "VlocityDataPackType": "SObject",
        "VlocityRecordSObjectType": "%vlocity_namespace%__ProductChildItem__c",
        "VlocityRecordSourceKey": "%vlocity_namespace%__ProductChildItem__c/3ff998ad-925c-1f8f-260a-5e3b99600aa6"
    },
    {
        "%vlocity_namespace%__AllowIndependentLifeCycle__c": false,
        "%vlocity_namespace%__ChildLineNumber__c": "1",
        "%vlocity_namespace%__ChildProductId__c": {
            "%vlocity_namespace%__GlobalKey__c": "8c9d8ed0-2822-a2f3-d0f6-ee80a82718c0",
            "VlocityDataPackType": "VlocityLookupMatchingKeyObject",
            "VlocityLookupRecordSourceKey": "Product2/8c9d8ed0-2822-a2f3-d0f6-ee80a82718c0",
            "VlocityRecordSObjectType": "Product2"
        },
        "%vlocity_namespace%__CollapseHierarchy__c": false,
        "%vlocity_namespace%__GlobalKey__c": "9326aece-1cbe-f062-bf10-420f83d2a4bd",
        "%vlocity_namespace%__IsOverride__c": false,
        "%vlocity_namespace%__IsRootProductChildItem__c": false,
        "%vlocity_namespace%__IsVirtualItem__c": true,
        "%vlocity_namespace%__MaxQuantity__c": 2,
        "%vlocity_namespace%__MaximumChildItemQuantity__c": 2,
        "%vlocity_namespace%__MinMaxDefaultQty__c": "1, 2, 1",
        "%vlocity_namespace%__MinQuantity__c": 1,
        "%vlocity_namespace%__MinimumChildItemQuantity__c": 0,
        "%vlocity_namespace%__ParentProductId__c": {
            "%vlocity_namespace%__GlobalKey__c": "006f6f54-91a6-4abc-44fc-4893fb5ce2ea",
            "VlocityDataPackType": "VlocityMatchingKeyObject",
            "VlocityMatchingRecordSourceKey": "Product2/006f6f54-91a6-4abc-44fc-4893fb5ce2ea",
            "VlocityRecordSObjectType": "Product2"
        },
        "%vlocity_namespace%__Quantity__c": 1,
        "%vlocity_namespace%__RelationshipType__c": "Child",
        "%vlocity_namespace%__SelectionMethodImplementation__c": "",
        "%vlocity_namespace%__SeqNumber__c": 1,
        "Name": "9326aece-1cbe-f062-bf10-420f83d2a4bd",
        "VlocityDataPackType": "SObject",
        "VlocityRecordSObjectType": "%vlocity_namespace%__ProductChildItem__c",
        "VlocityRecordSourceKey": "%vlocity_namespace%__ProductChildItem__c/9326aece-1cbe-f062-bf10-420f83d2a4bd"
    },
    {
        "%vlocity_namespace%__AllowIndependentLifeCycle__c": false,
        "%vlocity_namespace%__ChildLineNumber__c": "2",
        "%vlocity_namespace%__ChildProductId__c": {
            "%vlocity_namespace%__GlobalKey__c": "4fa576ce-919e-e8a0-e1e7-2d46c3608c16",
            "VlocityDataPackType": "VlocityLookupMatchingKeyObject",
            "VlocityLookupRecordSourceKey": "Product2/4fa576ce-919e-e8a0-e1e7-2d46c3608c16",
            "VlocityRecordSObjectType": "Product2"
        },
        "%vlocity_namespace%__CollapseHierarchy__c": false,
        "%vlocity_namespace%__GlobalKey__c": "e00b62ec-962b-95a2-0c16-60052689269e",
        "%vlocity_namespace%__IsOverride__c": false,
        "%vlocity_namespace%__IsRootProductChildItem__c": false,
        "%vlocity_namespace%__IsVirtualItem__c": true,
        "%vlocity_namespace%__MaxQuantity__c": 1,
        "%vlocity_namespace%__MaximumChildItemQuantity__c": 99999,
        "%vlocity_namespace%__MinMaxDefaultQty__c": "1, 1, 1",
        "%vlocity_namespace%__MinQuantity__c": 1,
        "%vlocity_namespace%__MinimumChildItemQuantity__c": 0,
        "%vlocity_namespace%__ParentProductId__c": {
            "%vlocity_namespace%__GlobalKey__c": "006f6f54-91a6-4abc-44fc-4893fb5ce2ea",
            "VlocityDataPackType": "VlocityMatchingKeyObject",
            "VlocityMatchingRecordSourceKey": "Product2/006f6f54-91a6-4abc-44fc-4893fb5ce2ea",
            "VlocityRecordSObjectType": "Product2"
        },
        "%vlocity_namespace%__Quantity__c": 1,
        "%vlocity_namespace%__RelationshipType__c": "Child",
        "%vlocity_namespace%__SelectionMethodImplementation__c": "",
        "%vlocity_namespace%__SeqNumber__c": 2,
        "Name": "e00b62ec-962b-95a2-0c16-60052689269e",
        "VlocityDataPackType": "SObject",
        "VlocityRecordSObjectType": "%vlocity_namespace%__ProductChildItem__c",
        "VlocityRecordSourceKey": "%vlocity_namespace%__ProductChildItem__c/e00b62ec-962b-95a2-0c16-60052689269e"
    }
]