[
    {
        "%vlocity_namespace%__FloorPrice__c": "",
        "%vlocity_namespace%__OverageCharge__c": "",
        "%vlocity_namespace%__OverageUOM__c": "",
        "%vlocity_namespace%__RecurringPrice__c": 0,
        "%vlocity_namespace%__RecurringUOM__c": "Monthly",
        "IsActive": true,
        "IsArchived": false,
        "Name": "iPhone11",
        "Pricebook2.Name": "Standard",
        "Pricebook2Id": {
            "Name": "Standard",
            "VlocityDataPackType": "VlocityLookupMatchingKeyObject",
            "VlocityLookupRecordSourceKey": "Pricebook2/Standard",
            "VlocityRecordSObjectType": "Pricebook2"
        },
        "Product2.%vlocity_namespace%__GlobalKey__c": "006f6f54-91a6-4abc-44fc-4893fb5ce2ea",
        "Product2Id": {
            "%vlocity_namespace%__GlobalKey__c": "006f6f54-91a6-4abc-44fc-4893fb5ce2ea",
            "VlocityDataPackType": "VlocityMatchingKeyObject",
            "VlocityMatchingRecordSourceKey": "Product2/006f6f54-91a6-4abc-44fc-4893fb5ce2ea",
            "VlocityRecordSObjectType": "Product2"
        },
        "ProductCode": "iPhone11",
        "UnitPrice": 0,
        "UseStandardPrice": false,
        "VlocityDataPackType": "SObject",
        "VlocityRecordSObjectType": "PricebookEntry",
        "VlocityRecordSourceKey": "PricebookEntry/Pricebook2/Standard/Product2/006f6f54-91a6-4abc-44fc-4893fb5ce2ea"
    }
]