[
    {
        "%vlocity_namespace%__AddDate__c": "",
        "%vlocity_namespace%__AttributeAdjustmentComments__c": "",
        "%vlocity_namespace%__AttributeAdjustmentUnits__c": "",
        "%vlocity_namespace%__AttributeCategoryId__c": {
            "%vlocity_namespace%__Code__c": "f364744a-2251-b4cf-c9a7-36e320b05078",
            "VlocityDataPackType": "VlocityLookupMatchingKeyObject",
            "VlocityLookupRecordSourceKey": "%vlocity_namespace%__AttributeCategory__c/f364744a-2251-b4cf-c9a7-36e320b05078",
            "VlocityRecordSObjectType": "%vlocity_namespace%__AttributeCategory__c"
        },
        "%vlocity_namespace%__AttributeDisplayNameOverride__c": "",
        "%vlocity_namespace%__AttributeDisplaySequence__c": "1",
        "%vlocity_namespace%__AttributeId__c": {
            "%vlocity_namespace%__Code__c": "Battery",
            "VlocityDataPackType": "VlocityLookupMatchingKeyObject",
            "VlocityLookupRecordSourceKey": "%vlocity_namespace%__Attribute__c/Battery",
            "VlocityRecordSObjectType": "%vlocity_namespace%__Attribute__c"
        },
        "%vlocity_namespace%__AttributeId__r.%vlocity_namespace%__Code__c": "Battery",
        "%vlocity_namespace%__ConfigurationDetail__c": "",
        "%vlocity_namespace%__ConfigurationStages__c": "",
        "%vlocity_namespace%__CustomConfigUiTemplate__c": "",
        "%vlocity_namespace%__Data__c": "",
        "%vlocity_namespace%__DefaultPicklistValueId__c": "",
        "%vlocity_namespace%__DisplaySequence__c": "2",
        "%vlocity_namespace%__EndStory__c": "",
        "%vlocity_namespace%__ExcludedPicklistValues__c": "",
        "%vlocity_namespace%__FormatMask__c": "",
        "%vlocity_namespace%__GlobalKey__c": "d1bd2a19-a375-32ec-950e-0b290832d8f4",
        "%vlocity_namespace%__HasRule__c": false,
        "%vlocity_namespace%__HelpText__c": "",
        "%vlocity_namespace%__IsActiveAssignment__c": true,
        "%vlocity_namespace%__IsActive__c": true,
        "%vlocity_namespace%__IsConfigurable__c": false,
        "%vlocity_namespace%__IsDynamic__c": false,
        "%vlocity_namespace%__IsEncrypted__c": false,
        "%vlocity_namespace%__IsHidden__c": false,
        "%vlocity_namespace%__IsNotAssetizable__c": false,
        "%vlocity_namespace%__IsNotTranslatable__c": false,
        "%vlocity_namespace%__IsOverride__c": false,
        "%vlocity_namespace%__IsQueryDriven__c": false,
        "%vlocity_namespace%__IsReadOnly__c": false,
        "%vlocity_namespace%__IsRequired__c": false,
        "%vlocity_namespace%__LookupFilter__c": "",
        "%vlocity_namespace%__LookupObjectId__c": "",
        "%vlocity_namespace%__LookupObjectTypeId__c": "",
        "%vlocity_namespace%__ObjectId__c": {
            "%vlocity_namespace%__GlobalKey__c": "006f6f54-91a6-4abc-44fc-4893fb5ce2ea",
            "VlocityDataPackType": "VlocityMatchingKeyObject",
            "VlocityMatchingRecordSourceKey": "Product2/006f6f54-91a6-4abc-44fc-4893fb5ce2ea",
            "VlocityRecordSObjectType": "Product2"
        },
        "%vlocity_namespace%__ObjectType__c": "Product2",
        "%vlocity_namespace%__PicklistId__c": "",
        "%vlocity_namespace%__QueryCode__c": "",
        "%vlocity_namespace%__QueryLabel__c": "",
        "%vlocity_namespace%__RemoveDate__c": "",
        "%vlocity_namespace%__RemovedFlag__c": false,
        "%vlocity_namespace%__RuleData__c": "",
        "%vlocity_namespace%__RuleMessage__c": "",
        "%vlocity_namespace%__StartStory__c": "",
        "%vlocity_namespace%__UIDisplayType__c": "",
        "%vlocity_namespace%__ValidValuesData__c": "",
        "%vlocity_namespace%__ValueDataType__c": "Text",
        "%vlocity_namespace%__ValueDecoder__c": "",
        "%vlocity_namespace%__ValueDescription__c": "",
        "%vlocity_namespace%__Value__c": "3500mAh",
        "Name": "Battery",
        "VlocityDataPackType": "SObject",
        "VlocityRecordSObjectType": "%vlocity_namespace%__AttributeAssignment__c",
        "VlocityRecordSourceKey": "%vlocity_namespace%__AttributeAssignment__c/d1bd2a19-a375-32ec-950e-0b290832d8f4"
    },
    {
        "%vlocity_namespace%__AddDate__c": "",
        "%vlocity_namespace%__AttributeAdjustmentComments__c": "",
        "%vlocity_namespace%__AttributeAdjustmentUnits__c": "",
        "%vlocity_namespace%__AttributeCategoryId__c": {
            "%vlocity_namespace%__Code__c": "f364744a-2251-b4cf-c9a7-36e320b05078",
            "VlocityDataPackType": "VlocityLookupMatchingKeyObject",
            "VlocityLookupRecordSourceKey": "%vlocity_namespace%__AttributeCategory__c/f364744a-2251-b4cf-c9a7-36e320b05078",
            "VlocityRecordSObjectType": "%vlocity_namespace%__AttributeCategory__c"
        },
        "%vlocity_namespace%__AttributeDisplayNameOverride__c": "",
        "%vlocity_namespace%__AttributeDisplaySequence__c": "1",
        "%vlocity_namespace%__AttributeId__c": {
            "%vlocity_namespace%__Code__c": "Camera",
            "VlocityDataPackType": "VlocityLookupMatchingKeyObject",
            "VlocityLookupRecordSourceKey": "%vlocity_namespace%__Attribute__c/Camera",
            "VlocityRecordSObjectType": "%vlocity_namespace%__Attribute__c"
        },
        "%vlocity_namespace%__AttributeId__r.%vlocity_namespace%__Code__c": "Camera",
        "%vlocity_namespace%__ConfigurationDetail__c": "",
        "%vlocity_namespace%__ConfigurationStages__c": "",
        "%vlocity_namespace%__CustomConfigUiTemplate__c": "",
        "%vlocity_namespace%__Data__c": "",
        "%vlocity_namespace%__DefaultPicklistValueId__c": "",
        "%vlocity_namespace%__DisplaySequence__c": "2",
        "%vlocity_namespace%__EndStory__c": "",
        "%vlocity_namespace%__ExcludedPicklistValues__c": "",
        "%vlocity_namespace%__FormatMask__c": "",
        "%vlocity_namespace%__GlobalKey__c": "62e7ec3c-3fd1-29d6-c90a-37988ce5ae6a",
        "%vlocity_namespace%__HasRule__c": false,
        "%vlocity_namespace%__HelpText__c": "",
        "%vlocity_namespace%__IsActiveAssignment__c": true,
        "%vlocity_namespace%__IsActive__c": true,
        "%vlocity_namespace%__IsConfigurable__c": false,
        "%vlocity_namespace%__IsDynamic__c": false,
        "%vlocity_namespace%__IsEncrypted__c": false,
        "%vlocity_namespace%__IsHidden__c": false,
        "%vlocity_namespace%__IsNotAssetizable__c": false,
        "%vlocity_namespace%__IsNotTranslatable__c": false,
        "%vlocity_namespace%__IsOverride__c": false,
        "%vlocity_namespace%__IsQueryDriven__c": false,
        "%vlocity_namespace%__IsReadOnly__c": false,
        "%vlocity_namespace%__IsRequired__c": false,
        "%vlocity_namespace%__LookupFilter__c": "",
        "%vlocity_namespace%__LookupObjectId__c": "",
        "%vlocity_namespace%__LookupObjectTypeId__c": "",
        "%vlocity_namespace%__ObjectId__c": {
            "%vlocity_namespace%__GlobalKey__c": "006f6f54-91a6-4abc-44fc-4893fb5ce2ea",
            "VlocityDataPackType": "VlocityMatchingKeyObject",
            "VlocityMatchingRecordSourceKey": "Product2/006f6f54-91a6-4abc-44fc-4893fb5ce2ea",
            "VlocityRecordSObjectType": "Product2"
        },
        "%vlocity_namespace%__ObjectType__c": "Product2",
        "%vlocity_namespace%__PicklistId__c": "",
        "%vlocity_namespace%__QueryCode__c": "",
        "%vlocity_namespace%__QueryLabel__c": "",
        "%vlocity_namespace%__RemoveDate__c": "",
        "%vlocity_namespace%__RemovedFlag__c": false,
        "%vlocity_namespace%__RuleData__c": "",
        "%vlocity_namespace%__RuleMessage__c": "",
        "%vlocity_namespace%__StartStory__c": "",
        "%vlocity_namespace%__UIDisplayType__c": "",
        "%vlocity_namespace%__ValidValuesData__c": "",
        "%vlocity_namespace%__ValueDataType__c": "Text",
        "%vlocity_namespace%__ValueDecoder__c": "",
        "%vlocity_namespace%__ValueDescription__c": "",
        "%vlocity_namespace%__Value__c": "Dual Camera ( 12+12 )",
        "Name": "Camera",
        "VlocityDataPackType": "SObject",
        "VlocityRecordSObjectType": "%vlocity_namespace%__AttributeAssignment__c",
        "VlocityRecordSourceKey": "%vlocity_namespace%__AttributeAssignment__c/62e7ec3c-3fd1-29d6-c90a-37988ce5ae6a"
    },
    {
        "%vlocity_namespace%__AddDate__c": "",
        "%vlocity_namespace%__AttributeAdjustmentComments__c": "",
        "%vlocity_namespace%__AttributeAdjustmentUnits__c": "",
        "%vlocity_namespace%__AttributeCategoryId__c": {
            "%vlocity_namespace%__Code__c": "f364744a-2251-b4cf-c9a7-36e320b05078",
            "VlocityDataPackType": "VlocityLookupMatchingKeyObject",
            "VlocityLookupRecordSourceKey": "%vlocity_namespace%__AttributeCategory__c/f364744a-2251-b4cf-c9a7-36e320b05078",
            "VlocityRecordSObjectType": "%vlocity_namespace%__AttributeCategory__c"
        },
        "%vlocity_namespace%__AttributeDisplayNameOverride__c": "",
        "%vlocity_namespace%__AttributeDisplaySequence__c": "1",
        "%vlocity_namespace%__AttributeId__c": {
            "%vlocity_namespace%__Code__c": "Color",
            "VlocityDataPackType": "VlocityLookupMatchingKeyObject",
            "VlocityLookupRecordSourceKey": "%vlocity_namespace%__Attribute__c/Color",
            "VlocityRecordSObjectType": "%vlocity_namespace%__Attribute__c"
        },
        "%vlocity_namespace%__AttributeId__r.%vlocity_namespace%__Code__c": "Color",
        "%vlocity_namespace%__ConfigurationDetail__c": "",
        "%vlocity_namespace%__ConfigurationStages__c": "",
        "%vlocity_namespace%__CustomConfigUiTemplate__c": "",
        "%vlocity_namespace%__Data__c": "",
        "%vlocity_namespace%__DefaultPicklistValueId__c": "",
        "%vlocity_namespace%__DisplaySequence__c": "2",
        "%vlocity_namespace%__EndStory__c": "",
        "%vlocity_namespace%__ExcludedPicklistValues__c": "",
        "%vlocity_namespace%__FormatMask__c": "",
        "%vlocity_namespace%__GlobalKey__c": "9885e3d2-0bbf-88c5-23ed-eb20810e894b",
        "%vlocity_namespace%__HasRule__c": false,
        "%vlocity_namespace%__HelpText__c": "",
        "%vlocity_namespace%__IsActiveAssignment__c": true,
        "%vlocity_namespace%__IsActive__c": true,
        "%vlocity_namespace%__IsConfigurable__c": true,
        "%vlocity_namespace%__IsDynamic__c": false,
        "%vlocity_namespace%__IsEncrypted__c": false,
        "%vlocity_namespace%__IsHidden__c": false,
        "%vlocity_namespace%__IsNotAssetizable__c": false,
        "%vlocity_namespace%__IsNotTranslatable__c": false,
        "%vlocity_namespace%__IsOverride__c": false,
        "%vlocity_namespace%__IsQueryDriven__c": false,
        "%vlocity_namespace%__IsReadOnly__c": false,
        "%vlocity_namespace%__IsRequired__c": false,
        "%vlocity_namespace%__LookupFilter__c": "",
        "%vlocity_namespace%__LookupObjectId__c": "",
        "%vlocity_namespace%__LookupObjectTypeId__c": "",
        "%vlocity_namespace%__ObjectId__c": {
            "%vlocity_namespace%__GlobalKey__c": "006f6f54-91a6-4abc-44fc-4893fb5ce2ea",
            "VlocityDataPackType": "VlocityMatchingKeyObject",
            "VlocityMatchingRecordSourceKey": "Product2/006f6f54-91a6-4abc-44fc-4893fb5ce2ea",
            "VlocityRecordSObjectType": "Product2"
        },
        "%vlocity_namespace%__ObjectType__c": "Product2",
        "%vlocity_namespace%__PicklistId__c": "",
        "%vlocity_namespace%__QueryCode__c": "",
        "%vlocity_namespace%__QueryLabel__c": "",
        "%vlocity_namespace%__RemoveDate__c": "",
        "%vlocity_namespace%__RemovedFlag__c": false,
        "%vlocity_namespace%__RuleData__c": "",
        "%vlocity_namespace%__RuleMessage__c": "",
        "%vlocity_namespace%__StartStory__c": "",
        "%vlocity_namespace%__UIDisplayType__c": "Radiobutton",
        "%vlocity_namespace%__ValidValuesData__c": [
            {
                "displayText": "Red",
                "id": 1,
                "isDefault": true,
                "isEditable": false,
                "value": "#FF0000"
            },
            {
                "displayText": "Black",
                "id": 2,
                "isDefault": false,
                "isEditable": false,
                "value": "#000000"
            },
            {
                "displayText": "White",
                "id": 3,
                "isDefault": false,
                "isEditable": true,
                "value": "#ffffff"
            }
        ],
        "%vlocity_namespace%__ValueDataType__c": "Picklist",
        "%vlocity_namespace%__ValueDecoder__c": "",
        "%vlocity_namespace%__ValueDescription__c": "",
        "%vlocity_namespace%__Value__c": "",
        "Name": "Color",
        "VlocityDataPackType": "SObject",
        "VlocityRecordSObjectType": "%vlocity_namespace%__AttributeAssignment__c",
        "VlocityRecordSourceKey": "%vlocity_namespace%__AttributeAssignment__c/9885e3d2-0bbf-88c5-23ed-eb20810e894b"
    },
    {
        "%vlocity_namespace%__AddDate__c": "",
        "%vlocity_namespace%__AttributeAdjustmentComments__c": "",
        "%vlocity_namespace%__AttributeAdjustmentUnits__c": "",
        "%vlocity_namespace%__AttributeCategoryId__c": {
            "%vlocity_namespace%__Code__c": "f364744a-2251-b4cf-c9a7-36e320b05078",
            "VlocityDataPackType": "VlocityLookupMatchingKeyObject",
            "VlocityLookupRecordSourceKey": "%vlocity_namespace%__AttributeCategory__c/f364744a-2251-b4cf-c9a7-36e320b05078",
            "VlocityRecordSObjectType": "%vlocity_namespace%__AttributeCategory__c"
        },
        "%vlocity_namespace%__AttributeDisplayNameOverride__c": "",
        "%vlocity_namespace%__AttributeDisplaySequence__c": "1",
        "%vlocity_namespace%__AttributeId__c": {
            "%vlocity_namespace%__Code__c": "Display",
            "VlocityDataPackType": "VlocityLookupMatchingKeyObject",
            "VlocityLookupRecordSourceKey": "%vlocity_namespace%__Attribute__c/Display",
            "VlocityRecordSObjectType": "%vlocity_namespace%__Attribute__c"
        },
        "%vlocity_namespace%__AttributeId__r.%vlocity_namespace%__Code__c": "Display",
        "%vlocity_namespace%__ConfigurationDetail__c": "",
        "%vlocity_namespace%__ConfigurationStages__c": "",
        "%vlocity_namespace%__CustomConfigUiTemplate__c": "",
        "%vlocity_namespace%__Data__c": "",
        "%vlocity_namespace%__DefaultPicklistValueId__c": "",
        "%vlocity_namespace%__DisplaySequence__c": "2",
        "%vlocity_namespace%__EndStory__c": "",
        "%vlocity_namespace%__ExcludedPicklistValues__c": "",
        "%vlocity_namespace%__FormatMask__c": "",
        "%vlocity_namespace%__GlobalKey__c": "425fabac-78b5-5b66-f835-491fac3c9142",
        "%vlocity_namespace%__HasRule__c": false,
        "%vlocity_namespace%__HelpText__c": "",
        "%vlocity_namespace%__IsActiveAssignment__c": true,
        "%vlocity_namespace%__IsActive__c": true,
        "%vlocity_namespace%__IsConfigurable__c": false,
        "%vlocity_namespace%__IsDynamic__c": false,
        "%vlocity_namespace%__IsEncrypted__c": false,
        "%vlocity_namespace%__IsHidden__c": false,
        "%vlocity_namespace%__IsNotAssetizable__c": false,
        "%vlocity_namespace%__IsNotTranslatable__c": false,
        "%vlocity_namespace%__IsOverride__c": false,
        "%vlocity_namespace%__IsQueryDriven__c": false,
        "%vlocity_namespace%__IsReadOnly__c": false,
        "%vlocity_namespace%__IsRequired__c": false,
        "%vlocity_namespace%__LookupFilter__c": "",
        "%vlocity_namespace%__LookupObjectId__c": "",
        "%vlocity_namespace%__LookupObjectTypeId__c": "",
        "%vlocity_namespace%__ObjectId__c": {
            "%vlocity_namespace%__GlobalKey__c": "006f6f54-91a6-4abc-44fc-4893fb5ce2ea",
            "VlocityDataPackType": "VlocityMatchingKeyObject",
            "VlocityMatchingRecordSourceKey": "Product2/006f6f54-91a6-4abc-44fc-4893fb5ce2ea",
            "VlocityRecordSObjectType": "Product2"
        },
        "%vlocity_namespace%__ObjectType__c": "Product2",
        "%vlocity_namespace%__PicklistId__c": "",
        "%vlocity_namespace%__QueryCode__c": "",
        "%vlocity_namespace%__QueryLabel__c": "",
        "%vlocity_namespace%__RemoveDate__c": "",
        "%vlocity_namespace%__RemovedFlag__c": false,
        "%vlocity_namespace%__RuleData__c": "",
        "%vlocity_namespace%__RuleMessage__c": "",
        "%vlocity_namespace%__StartStory__c": "",
        "%vlocity_namespace%__UIDisplayType__c": "",
        "%vlocity_namespace%__ValidValuesData__c": "",
        "%vlocity_namespace%__ValueDataType__c": "Text",
        "%vlocity_namespace%__ValueDecoder__c": "",
        "%vlocity_namespace%__ValueDescription__c": "",
        "%vlocity_namespace%__Value__c": "Liquid Retina Display",
        "Name": "Display",
        "VlocityDataPackType": "SObject",
        "VlocityRecordSObjectType": "%vlocity_namespace%__AttributeAssignment__c",
        "VlocityRecordSourceKey": "%vlocity_namespace%__AttributeAssignment__c/425fabac-78b5-5b66-f835-491fac3c9142"
    },
    {
        "%vlocity_namespace%__AddDate__c": "",
        "%vlocity_namespace%__AttributeAdjustmentComments__c": "",
        "%vlocity_namespace%__AttributeAdjustmentUnits__c": "",
        "%vlocity_namespace%__AttributeCategoryId__c": {
            "%vlocity_namespace%__Code__c": "f364744a-2251-b4cf-c9a7-36e320b05078",
            "VlocityDataPackType": "VlocityLookupMatchingKeyObject",
            "VlocityLookupRecordSourceKey": "%vlocity_namespace%__AttributeCategory__c/f364744a-2251-b4cf-c9a7-36e320b05078",
            "VlocityRecordSObjectType": "%vlocity_namespace%__AttributeCategory__c"
        },
        "%vlocity_namespace%__AttributeDisplayNameOverride__c": "",
        "%vlocity_namespace%__AttributeDisplaySequence__c": "1",
        "%vlocity_namespace%__AttributeId__c": {
            "%vlocity_namespace%__Code__c": "Memory",
            "VlocityDataPackType": "VlocityLookupMatchingKeyObject",
            "VlocityLookupRecordSourceKey": "%vlocity_namespace%__Attribute__c/Memory",
            "VlocityRecordSObjectType": "%vlocity_namespace%__Attribute__c"
        },
        "%vlocity_namespace%__AttributeId__r.%vlocity_namespace%__Code__c": "Memory",
        "%vlocity_namespace%__ConfigurationDetail__c": "",
        "%vlocity_namespace%__ConfigurationStages__c": "",
        "%vlocity_namespace%__CustomConfigUiTemplate__c": "",
        "%vlocity_namespace%__Data__c": "",
        "%vlocity_namespace%__DefaultPicklistValueId__c": "",
        "%vlocity_namespace%__DisplaySequence__c": "2",
        "%vlocity_namespace%__EndStory__c": "",
        "%vlocity_namespace%__ExcludedPicklistValues__c": "",
        "%vlocity_namespace%__FormatMask__c": "",
        "%vlocity_namespace%__GlobalKey__c": "3baae0b5-430e-62b4-2894-e3beab898c8c",
        "%vlocity_namespace%__HasRule__c": false,
        "%vlocity_namespace%__HelpText__c": "",
        "%vlocity_namespace%__IsActiveAssignment__c": true,
        "%vlocity_namespace%__IsActive__c": true,
        "%vlocity_namespace%__IsConfigurable__c": true,
        "%vlocity_namespace%__IsDynamic__c": false,
        "%vlocity_namespace%__IsEncrypted__c": false,
        "%vlocity_namespace%__IsHidden__c": false,
        "%vlocity_namespace%__IsNotAssetizable__c": false,
        "%vlocity_namespace%__IsNotTranslatable__c": false,
        "%vlocity_namespace%__IsOverride__c": false,
        "%vlocity_namespace%__IsQueryDriven__c": false,
        "%vlocity_namespace%__IsReadOnly__c": false,
        "%vlocity_namespace%__IsRequired__c": false,
        "%vlocity_namespace%__LookupFilter__c": "",
        "%vlocity_namespace%__LookupObjectId__c": "",
        "%vlocity_namespace%__LookupObjectTypeId__c": "",
        "%vlocity_namespace%__ObjectId__c": {
            "%vlocity_namespace%__GlobalKey__c": "006f6f54-91a6-4abc-44fc-4893fb5ce2ea",
            "VlocityDataPackType": "VlocityMatchingKeyObject",
            "VlocityMatchingRecordSourceKey": "Product2/006f6f54-91a6-4abc-44fc-4893fb5ce2ea",
            "VlocityRecordSObjectType": "Product2"
        },
        "%vlocity_namespace%__ObjectType__c": "Product2",
        "%vlocity_namespace%__PicklistId__c": "",
        "%vlocity_namespace%__QueryCode__c": "",
        "%vlocity_namespace%__QueryLabel__c": "",
        "%vlocity_namespace%__RemoveDate__c": "",
        "%vlocity_namespace%__RemovedFlag__c": false,
        "%vlocity_namespace%__RuleData__c": "",
        "%vlocity_namespace%__RuleMessage__c": "",
        "%vlocity_namespace%__StartStory__c": "",
        "%vlocity_namespace%__UIDisplayType__c": "Dropdown",
        "%vlocity_namespace%__ValidValuesData__c": [
            {
                "displayText": "32GB",
                "id": 1,
                "isDefault": true,
                "isEditable": false,
                "value": "32GB"
            },
            {
                "displayText": "64GB",
                "id": 2,
                "isDefault": false,
                "isEditable": false,
                "value": "64GB"
            },
            {
                "displayText": "128GB",
                "id": 3,
                "isDefault": false,
                "isEditable": true,
                "value": "128GB"
            }
        ],
        "%vlocity_namespace%__ValueDataType__c": "Picklist",
        "%vlocity_namespace%__ValueDecoder__c": "",
        "%vlocity_namespace%__ValueDescription__c": "",
        "%vlocity_namespace%__Value__c": "",
        "Name": "Memory",
        "VlocityDataPackType": "SObject",
        "VlocityRecordSObjectType": "%vlocity_namespace%__AttributeAssignment__c",
        "VlocityRecordSourceKey": "%vlocity_namespace%__AttributeAssignment__c/3baae0b5-430e-62b4-2894-e3beab898c8c"
    },
    {
        "%vlocity_namespace%__AddDate__c": "",
        "%vlocity_namespace%__AttributeAdjustmentComments__c": "",
        "%vlocity_namespace%__AttributeAdjustmentUnits__c": "",
        "%vlocity_namespace%__AttributeCategoryId__c": {
            "%vlocity_namespace%__Code__c": "f364744a-2251-b4cf-c9a7-36e320b05078",
            "VlocityDataPackType": "VlocityLookupMatchingKeyObject",
            "VlocityLookupRecordSourceKey": "%vlocity_namespace%__AttributeCategory__c/f364744a-2251-b4cf-c9a7-36e320b05078",
            "VlocityRecordSObjectType": "%vlocity_namespace%__AttributeCategory__c"
        },
        "%vlocity_namespace%__AttributeDisplayNameOverride__c": "",
        "%vlocity_namespace%__AttributeDisplaySequence__c": "1",
        "%vlocity_namespace%__AttributeId__c": {
            "%vlocity_namespace%__Code__c": "Processor",
            "VlocityDataPackType": "VlocityLookupMatchingKeyObject",
            "VlocityLookupRecordSourceKey": "%vlocity_namespace%__Attribute__c/Processor",
            "VlocityRecordSObjectType": "%vlocity_namespace%__Attribute__c"
        },
        "%vlocity_namespace%__AttributeId__r.%vlocity_namespace%__Code__c": "Processor",
        "%vlocity_namespace%__ConfigurationDetail__c": "",
        "%vlocity_namespace%__ConfigurationStages__c": "",
        "%vlocity_namespace%__CustomConfigUiTemplate__c": "",
        "%vlocity_namespace%__Data__c": "",
        "%vlocity_namespace%__DefaultPicklistValueId__c": "",
        "%vlocity_namespace%__DisplaySequence__c": "2",
        "%vlocity_namespace%__EndStory__c": "",
        "%vlocity_namespace%__ExcludedPicklistValues__c": "",
        "%vlocity_namespace%__FormatMask__c": "",
        "%vlocity_namespace%__GlobalKey__c": "38c7b41b-cbcc-9017-cc14-ba0f1bbb6ab5",
        "%vlocity_namespace%__HasRule__c": false,
        "%vlocity_namespace%__HelpText__c": "",
        "%vlocity_namespace%__IsActiveAssignment__c": true,
        "%vlocity_namespace%__IsActive__c": true,
        "%vlocity_namespace%__IsConfigurable__c": false,
        "%vlocity_namespace%__IsDynamic__c": false,
        "%vlocity_namespace%__IsEncrypted__c": false,
        "%vlocity_namespace%__IsHidden__c": false,
        "%vlocity_namespace%__IsNotAssetizable__c": false,
        "%vlocity_namespace%__IsNotTranslatable__c": false,
        "%vlocity_namespace%__IsOverride__c": false,
        "%vlocity_namespace%__IsQueryDriven__c": false,
        "%vlocity_namespace%__IsReadOnly__c": false,
        "%vlocity_namespace%__IsRequired__c": false,
        "%vlocity_namespace%__LookupFilter__c": "",
        "%vlocity_namespace%__LookupObjectId__c": "",
        "%vlocity_namespace%__LookupObjectTypeId__c": "",
        "%vlocity_namespace%__ObjectId__c": {
            "%vlocity_namespace%__GlobalKey__c": "006f6f54-91a6-4abc-44fc-4893fb5ce2ea",
            "VlocityDataPackType": "VlocityMatchingKeyObject",
            "VlocityMatchingRecordSourceKey": "Product2/006f6f54-91a6-4abc-44fc-4893fb5ce2ea",
            "VlocityRecordSObjectType": "Product2"
        },
        "%vlocity_namespace%__ObjectType__c": "Product2",
        "%vlocity_namespace%__PicklistId__c": "",
        "%vlocity_namespace%__QueryCode__c": "",
        "%vlocity_namespace%__QueryLabel__c": "",
        "%vlocity_namespace%__RemoveDate__c": "",
        "%vlocity_namespace%__RemovedFlag__c": false,
        "%vlocity_namespace%__RuleData__c": "",
        "%vlocity_namespace%__RuleMessage__c": "",
        "%vlocity_namespace%__StartStory__c": "",
        "%vlocity_namespace%__UIDisplayType__c": "",
        "%vlocity_namespace%__ValidValuesData__c": "",
        "%vlocity_namespace%__ValueDataType__c": "Text",
        "%vlocity_namespace%__ValueDecoder__c": "",
        "%vlocity_namespace%__ValueDescription__c": "",
        "%vlocity_namespace%__Value__c": "A13 Bionic Chip",
        "Name": "Processor",
        "VlocityDataPackType": "SObject",
        "VlocityRecordSObjectType": "%vlocity_namespace%__AttributeAssignment__c",
        "VlocityRecordSourceKey": "%vlocity_namespace%__AttributeAssignment__c/38c7b41b-cbcc-9017-cc14-ba0f1bbb6ab5"
    }
]